<?xml version="1.0" encoding="ISO-8859-1"?>
<!-- Generator: ControlBuild -->

<project xmlns="http://www.plcopen.org/xml/tc6.xsd" xmlns:xhtml="http://www.w3.org/1999/xhtml" xmlns:xsi="http://www.w3.org/2001/XMLSchema-instance" xsi:schemaLocation="http://www.plcopen.org/xml/tc6.xsd TC6_XML_V099_TNI.xsd">
	<fileHeader companyName="TNI-Software" productName="ControlBuild" productVersion="4.00" creationDateTime="2006-10-31T18:44:04-01:00" />
	<contentHeader name="robot">
		<coordinateInfo>
			<fbd>
				<scaling x="100" y="100" />
			</fbd>
			<ld>
				<scaling x="100" y="100" />
			</ld>
			<sfc>
				<scaling x="32" y="8" />
			</sfc>
		</coordinateInfo>
	</contentHeader>
	<types>
		<dataTypes />
		<pous>
			<pou name="chaine_de_traitement.robot" pouType="functionBlock">
				<interface>
					<inputVars>
						<variable name="Accrocher">
							<type>
								<BOOL />
							</type>
							<initialValue>
								<simpleValue value="false" />
							</initialValue>
						</variable>
						<variable name="Monter">
							<type>
								<BOOL />
							</type>
							<initialValue>
								<simpleValue value="false" />
							</initialValue>
						</variable>
						<variable name="Descendre">
							<type>
								<BOOL />
							</type>
							<initialValue>
								<simpleValue value="false" />
							</initialValue>
						</variable>
						<variable name="Marche_Arriere">
							<type>
								<BOOL />
							</type>
							<initialValue>
								<simpleValue value="false" />
							</initialValue>
						</variable>
						<variable name="Marche_Avant">
							<type>
								<BOOL />
							</type>
							<initialValue>
								<simpleValue value="false" />
							</initialValue>
						</variable>
						<documentation>CB.kind=inputVars</documentation>
					</inputVars>
					<outputVars>
						<variable name="NivBas">
							<type>
								<BOOL />
							</type>
							<initialValue>
								<simpleValue value="false" />
							</initialValue>
						</variable>
						<variable name="NivHaut">
							<type>
								<BOOL />
							</type>
							<initialValue>
								<simpleValue value="false" />
							</initialValue>
						</variable>
						<variable name="P5">
							<type>
								<BOOL />
							</type>
							<initialValue>
								<simpleValue value="false" />
							</initialValue>
						</variable>
						<variable name="P4">
							<type>
								<BOOL />
							</type>
							<initialValue>
								<simpleValue value="false" />
							</initialValue>
						</variable>
						<variable name="P3">
							<type>
								<BOOL />
							</type>
							<initialValue>
								<simpleValue value="false" />
							</initialValue>
						</variable>
						<variable name="P2">
							<type>
								<BOOL />
							</type>
							<initialValue>
								<simpleValue value="false" />
							</initialValue>
						</variable>
						<variable name="P1">
							<type>
								<BOOL />
							</type>
							<initialValue>
								<simpleValue value="false" />
							</initialValue>
						</variable>
						<documentation>CB.kind=outputVars</documentation>
					</outputVars>
					<localVars>
						<variable name="Position_Horizontale">
							<type>
								<subrangeSigned>
									<range lower="0" upper="800" />
									<baseType>
										<INT />
									</baseType>
								</subrangeSigned>
							</type>
							<initialValue>
								<simpleValue value="0" />
							</initialValue>
						</variable>
						<variable name="Position_Verticale">
							<type>
								<subrangeSigned>
									<range lower="0" upper="200" />
									<baseType>
										<INT />
									</baseType>
								</subrangeSigned>
							</type>
							<initialValue>
								<simpleValue value="0" />
							</initialValue>
						</variable>
						<documentation>CB.kind=localVars</documentation>
					</localVars>
					<localVars constant="true">
						<variable name="MaxiV">
							<type>
								<INT />
							</type>
							<initialValue>
								<simpleValue value="200" />
							</initialValue>
						</variable>
						<variable name="MaxiH">
							<type>
								<INT />
							</type>
							<initialValue>
								<simpleValue value="800" />
							</initialValue>
						</variable>
						<variable name="IncV">
							<type>
								<INT />
							</type>
							<initialValue>
								<simpleValue value="8" />
							</initialValue>
						</variable>
						<variable name="IncH">
							<type>
								<INT />
							</type>
							<initialValue>
								<simpleValue value="10" />
							</initialValue>
						</variable>
						<documentation>CB.kind=parameterVars</documentation>
					</localVars>
				</interface>
				<actions>
				</actions>
				<body>
					<ST>IF (Marche_Avant) THEN
	Position_Horizontale := Position_Horizontale + IncH;
	IF (Position_Horizontale &gt;= MaxiH) THEN 
		Position_Horizontale:=MaxiH;
	END_IF;
ELSIF (Marche_Arriere) THEN
	Position_Horizontale := Position_Horizontale - IncH;
	IF (Position_Horizontale &lt;= 0) THEN 
		Position_Horizontale:=0;
	END_IF;
END_IF;

IF (Descendre) THEN
	Position_Verticale := Position_Verticale + IncV;
	IF (Position_Verticale &gt;= MaxiV) THEN 
		Position_Verticale:=MaxiV;
	END_IF;
ELSIF (Monter) THEN
	Position_Verticale := Position_Verticale - IncV;
	IF (Position_Verticale &lt;= 0) THEN 
		Position_Verticale:=0;
	END_IF;
END_IF;

IF (Position_Verticale = 0) THEN
	NivHaut := TRUE;
ELSIF (Position_Verticale = MaxiV) THEN
	NivBas := TRUE;
ELSE
	NivHaut := FALSE;
	NivBas := FALSE;
END_IF;


IF (Position_Horizontale = 0) THEN
	P1 := TRUE;
ELSE
	P1 := FALSE;
END_IF;

IF ((Position_Horizontale &gt;= MaxiH/4) AND 
    (Position_Horizontale &lt;=(MaxiH/4 + IncH)) ) THEN
	P2 := TRUE;
ELSE
	P2 := FALSE;
END_IF;

IF ((Position_Horizontale &gt;= 2*MaxiH/4) AND 
    (Position_Horizontale &lt;=(2*MaxiH/4 + IncH)) ) THEN
	P3 := TRUE;
ELSE
	P3 := FALSE;
END_IF;

IF ((Position_Horizontale &gt;= 3*MaxiH/4) AND 
    (Position_Horizontale &lt;=(3*MaxiH/4 + IncH)) ) THEN
	P4 := TRUE;
ELSE
	P4 := FALSE;
END_IF;

IF (Position_Horizontale = MaxiH) THEN
	P5 := TRUE;
ELSE
	P5 := FALSE;
END_IF;



</ST>
				</body>
			</pou>
		</pous>
	</types>
	<instances>
		<configurations />
	</instances>
</project>