<?xml version="1.0" encoding="ISO-8859-1"?>
<!-- Generator: ControlBuild -->

<project xmlns="http://www.plcopen.org/xml/tc6.xsd" xmlns:xhtml="http://www.w3.org/1999/xhtml" xmlns:xsi="http://www.w3.org/2001/XMLSchema-instance" xsi:schemaLocation="http://www.plcopen.org/xml/tc6.xsd TC6_XML_V099_TNI.xsd">
	<fileHeader companyName="TNI-Software" productName="ControlBuild" productVersion="4.00" creationDateTime="2006-10-31T18:44:03-01:00" />
	<contentHeader name="barriere">
		<coordinateInfo>
			<fbd>
				<scaling x="100" y="100" />
			</fbd>
			<ld>
				<scaling x="100" y="100" />
			</ld>
			<sfc>
				<scaling x="32" y="8" />
			</sfc>
		</coordinateInfo>
	</contentHeader>
	<types>
		<dataTypes />
		<pous>
			<pou name="chaine_de_traitement.barriere" pouType="functionBlock">
				<interface>
					<inputVars>
						<variable name="Fermer_Barriere">
							<type>
								<BOOL />
							</type>
							<initialValue>
								<simpleValue value="false" />
							</initialValue>
						</variable>
						<variable name="Ouvrir_Barriere">
							<type>
								<BOOL />
							</type>
							<initialValue>
								<simpleValue value="false" />
							</initialValue>
						</variable>
						<variable name="Presence_Piece">
							<type>
								<BOOL />
							</type>
							<initialValue>
								<simpleValue value="false" />
							</initialValue>
						</variable>
						<documentation>CB.kind=inputVars</documentation>
					</inputVars>
					<outputVars>
						<variable name="Barriere_Fermee">
							<type>
								<BOOL />
							</type>
							<initialValue>
								<simpleValue value="false" />
							</initialValue>
						</variable>
						<variable name="Barriere_Ouverte">
							<type>
								<BOOL />
							</type>
							<initialValue>
								<simpleValue value="false" />
							</initialValue>
						</variable>
						<variable name="Piece_Detectee">
							<type>
								<BOOL />
							</type>
							<initialValue>
								<simpleValue value="false" />
							</initialValue>
						</variable>
						<documentation>CB.kind=outputVars</documentation>
					</outputVars>
					<localVars>
						<variable name="Teta">
							<type>
								<subrangeSigned>
									<range lower="0" upper="90" />
									<baseType>
										<INT />
									</baseType>
								</subrangeSigned>
							</type>
							<initialValue>
								<simpleValue value="0" />
							</initialValue>
						</variable>
						<documentation>CB.kind=localVars</documentation>
					</localVars>
					<localVars constant="true">
						<variable name="IncR">
							<type>
								<INT />
							</type>
							<initialValue>
								<simpleValue value="3" />
							</initialValue>
						</variable>
						<documentation>CB.kind=parameterVars</documentation>
					</localVars>
				</interface>
				<actions>
				</actions>
				<body>
					<ST>IF (Fermer_Barriere) THEN
	IF (Teta &lt;&gt; 0) THEN
		Teta := Teta - IncR;
		Barriere_Ouverte := FALSE;
	END_IF;

ELSIF (Ouvrir_Barriere) THEN
	IF (Teta &lt;&gt; 90) THEN
		Teta := Teta + IncR;
		Barriere_Fermee := FALSE;
	END_IF;
END_IF;

IF (Teta = 0) THEN
	Barriere_Fermee := TRUE;
ELSIF (Teta = 90) THEN
	Barriere_Ouverte := TRUE;
END_IF;

IF (Presence_Piece) THEN
	Piece_Detectee := TRUE;
ELSE
	Piece_Detectee := FALSE;
END_IF;</ST>
				</body>
			</pou>
		</pous>
	</types>
	<instances>
		<configurations />
	</instances>
</project>