<?xml version="1.0" encoding="ISO-8859-1"?>
<!-- Generator: ControlBuild -->

<project xmlns="http://www.plcopen.org/xml/tc6.xsd" xmlns:xhtml="http://www.w3.org/1999/xhtml" xmlns:xsi="http://www.w3.org/2001/XMLSchema-instance" xsi:schemaLocation="http://www.plcopen.org/xml/tc6.xsd TC6_XML_V099_TNI.xsd">
	<fileHeader companyName="TNI-Software" productName="ControlBuild" productVersion="4.00" creationDateTime="2007-01-25T16:13:49-01:00" />
	<contentHeader name="cmd_robot">
		<coordinateInfo>
			<fbd>
				<scaling x="100" y="100" />
			</fbd>
			<ld>
				<scaling x="100" y="100" />
			</ld>
			<sfc>
				<scaling x="32" y="8" />
			</sfc>
		</coordinateInfo>
	</contentHeader>
	<types>
		<dataTypes />
		<pous>
			<pou name="chaine_de_traitement.cmd_robot" pouType="functionBlock">
				<interface>
					<inputVars>
						<variable name="Lancer_Tuer_Robot">
							<type>
								<BOOL />
							</type>
							<initialValue>
								<simpleValue value="false" />
							</initialValue>
						</variable>
						<variable name="NivBas">
							<type>
								<BOOL />
							</type>
							<initialValue>
								<simpleValue value="false" />
							</initialValue>
						</variable>
						<variable name="NivHaut">
							<type>
								<BOOL />
							</type>
							<initialValue>
								<simpleValue value="false" />
							</initialValue>
						</variable>
						<variable name="Position">
							<type>
								<INT />
							</type>
							<initialValue>
								<simpleValue value="0" />
							</initialValue>
						</variable>
						<variable name="Valeur_Pile">
							<type>
								<INT />
							</type>
							<initialValue>
								<simpleValue value="0" />
							</initialValue>
						</variable>
						<variable name="Etat_Pile">
							<type>
								<BOOL />
							</type>
							<initialValue>
								<simpleValue value="false" />
							</initialValue>
						</variable>
						<documentation>CB.kind=inputVars</documentation>
					</inputVars>
					<outputVars>
						<variable name="Prendre">
							<type>
								<BOOL />
							</type>
							<initialValue>
								<simpleValue value="false" />
							</initialValue>
						</variable>
						<variable name="Monter">
							<type>
								<BOOL />
							</type>
							<initialValue>
								<simpleValue value="false" />
							</initialValue>
						</variable>
						<variable name="Descendre">
							<type>
								<BOOL />
							</type>
							<initialValue>
								<simpleValue value="false" />
							</initialValue>
						</variable>
						<variable name="Marche_Arriere">
							<type>
								<BOOL />
							</type>
							<initialValue>
								<simpleValue value="false" />
							</initialValue>
						</variable>
						<variable name="Marche_Avant">
							<type>
								<BOOL />
							</type>
							<initialValue>
								<simpleValue value="false" />
							</initialValue>
						</variable>
						<variable name="Demande_Valeur_Pile">
							<type>
								<BOOL />
							</type>
							<initialValue>
								<simpleValue value="false" />
							</initialValue>
						</variable>
						<documentation>CB.kind=outputVars</documentation>
					</outputVars>
					<localVars>
						<variable name="Numero_Charg">
							<type>
								<INT />
							</type>
							<initialValue>
								<simpleValue value="0" />
							</initialValue>
						</variable>
						<variable name="Numero_Decharg">
							<type>
								<INT />
							</type>
							<initialValue>
								<simpleValue value="0" />
							</initialValue>
						</variable>
						<variable name="tmp2">
							<type>
								<BOOL />
							</type>
							<initialValue>
								<simpleValue value="false" />
							</initialValue>
						</variable>
						<variable name="tmp1">
							<type>
								<BOOL />
							</type>
							<initialValue>
								<simpleValue value="false" />
							</initialValue>
						</variable>
						<documentation>CB.kind=localVars</documentation>
					</localVars>
				</interface>
				<actions>
				</actions>
				<body>
					<SFC>
						<label localId="0" label="G1">
							<position x="0" y="0" />
						</label>
						<actionBlock localId="5" width="208" height="112">
							<position x="960" y="48" />
							<connectionPointIn>
								<connection refLocalId="1" />
							</connectionPointIn>
							<action>
								<inline>
									<ST>IF (NOT(tmp1)) THEN
	F/G2:();
	tmp1:=TRUE;
END_IF;
tmp2:=FALSE;</ST>
								</inline>
							</action>
						</actionBlock>
						<step name="10" localId="1" initialStep="true">
							<position x="880" y="48" />
							<connectionPointIn>
								<connection refLocalId="3" />
							</connectionPointIn>
						</step>
						<actionBlock localId="6" width="176" height="88">
							<position x="960" y="224" />
							<connectionPointIn>
								<connection refLocalId="2" />
							</connectionPointIn>
							<action>
								<inline>
									<ST>IF (NOT(tmp2)) THEN
	F/G2:(Init);
	tmp2:=TRUE;
END_IF;
tmp1:=FALSE;</ST>
								</inline>
							</action>
						</actionBlock>
						<step name="11" localId="2">
							<position x="880" y="224" />
							<connectionPointIn>
								<connection refLocalId="4" />
							</connectionPointIn>
						</step>
						<transition localId="3">
							<position x="896" y="328" />
							<connectionPointIn>
								<connection refLocalId="2" />
							</connectionPointIn>
							<condition>
								<inline name="3">
									<ST>NOT(Lancer_Tuer_Robot)</ST>
								</inline>
							</condition>
							<documentation>CB.index=11</documentation>
						</transition>
						<transition localId="4">
							<position x="896" y="184" />
							<connectionPointIn>
								<connection refLocalId="1" />
							</connectionPointIn>
							<condition>
								<inline name="4">
									<ST>Lancer_Tuer_Robot</ST>
								</inline>
							</condition>
							<documentation>CB.index=10</documentation>
						</transition>
						<label localId="7" label="G2">
							<position x="0" y="0" />
						</label>
						<step name="20" localId="8" initialStep="true">
							<position x="432" y="56" />
							<connectionPointIn>
								<connection refLocalId="20" />
							</connectionPointIn>
						</step>
						<actionBlock localId="35" width="176" height="64">
							<position x="176" y="1416" />
							<connectionPointIn>
								<connection refLocalId="9" />
							</connectionPointIn>
							<action>
								<inline>
									<ST>Prendre := FALSE;
Monter;</ST>
								</inline>
							</action>
						</actionBlock>
						<step name="31" localId="9">
							<position x="96" y="1416" />
							<connectionPointIn>
								<connection refLocalId="21" />
							</connectionPointIn>
						</step>
						<selectionConvergence localId="36" width="576">
							<position x="96" y="1288" />
							<connectionPointIn>
								<connection refLocalId="22" />
								<connection refLocalId="34" />
							</connectionPointIn>
						</selectionConvergence>
						<actionBlock localId="37" width="128" height="64">
							<position x="176" y="1288" />
							<connectionPointIn>
								<connection refLocalId="10" />
							</connectionPointIn>
							<action>
								<inline>
									<ST>Descendre;</ST>
								</inline>
							</action>
						</actionBlock>
						<step name="30" localId="10">
							<position x="96" y="1288" />
							<connectionPointIn>
								<connection refLocalId="36" />
							</connectionPointIn>
						</step>
						<actionBlock localId="38" width="128" height="64">
							<position x="176" y="1120" />
							<connectionPointIn>
								<connection refLocalId="11" />
							</connectionPointIn>
							<action>
								<inline>
									<ST>Marche_Arriere;</ST>
								</inline>
							</action>
						</actionBlock>
						<step name="28" localId="11">
							<position x="96" y="1120" />
							<connectionPointIn>
								<connection refLocalId="23" />
							</connectionPointIn>
						</step>
						<actionBlock localId="39" width="432" height="112">
							<position x="176" y="912" />
							<connectionPointIn>
								<connection refLocalId="12" />
							</connectionPointIn>
							<action>
								<inline>
									<ST>IF (Numero_Charg = 5) THEN
	Numero_Decharg := 1;
ELSE
	Numero_Decharg := Numero_Charg + 1;
END_IF;;</ST>
								</inline>
							</action>
						</actionBlock>
						<step name="27" localId="12">
							<position x="96" y="912" />
							<connectionPointIn>
								<connection refLocalId="24" />
							</connectionPointIn>
						</step>
						<actionBlock localId="40" width="128" height="64">
							<position x="176" y="776" />
							<connectionPointIn>
								<connection refLocalId="13" />
							</connectionPointIn>
							<action>
								<inline>
									<ST>Prendre:=TRUE;
Monter;</ST>
								</inline>
							</action>
						</actionBlock>
						<step name="26" localId="13">
							<position x="96" y="776" />
							<connectionPointIn>
								<connection refLocalId="25" />
							</connectionPointIn>
						</step>
						<selectionConvergence localId="41" width="616">
							<position x="96" y="640" />
							<connectionPointIn>
								<connection refLocalId="26" />
								<connection refLocalId="31" />
								<connection refLocalId="32" />
							</connectionPointIn>
						</selectionConvergence>
						<actionBlock localId="42" width="128" height="64">
							<position x="176" y="640" />
							<connectionPointIn>
								<connection refLocalId="14" />
							</connectionPointIn>
							<action>
								<inline>
									<ST>Descendre;</ST>
								</inline>
							</action>
						</actionBlock>
						<step name="25" localId="14">
							<position x="96" y="640" />
							<connectionPointIn>
								<connection refLocalId="41" />
							</connectionPointIn>
						</step>
						<actionBlock localId="43" width="128" height="64">
							<position x="176" y="496" />
							<connectionPointIn>
								<connection refLocalId="15" />
							</connectionPointIn>
							<action>
								<inline>
									<ST>Marche_Arriere;</ST>
								</inline>
							</action>
						</actionBlock>
						<step name="23" localId="15">
							<position x="96" y="496" />
							<connectionPointIn>
								<connection refLocalId="27" />
							</connectionPointIn>
						</step>
						<actionBlock localId="44" width="240" height="40">
							<position x="512" y="312" />
							<connectionPointIn>
								<connection refLocalId="16" />
							</connectionPointIn>
							<action>
								<inline>
									<ST>Numero_Charg := Valeur_Pile;</ST>
								</inline>
							</action>
						</actionBlock>
						<step name="22" localId="16">
							<position x="432" y="312" />
							<connectionPointIn>
								<connection refLocalId="28" />
							</connectionPointIn>
						</step>
						<actionBlock localId="45" width="208" height="40">
							<position x="512" y="176" />
							<connectionPointIn>
								<connection refLocalId="17" />
							</connectionPointIn>
							<action>
								<inline>
									<ST>Demande_Valeur_Pile;</ST>
								</inline>
							</action>
						</actionBlock>
						<step name="21" localId="17">
							<position x="432" y="176" />
							<connectionPointIn>
								<connection refLocalId="29" />
							</connectionPointIn>
						</step>
						<actionBlock localId="46" width="128" height="64">
							<position x="464" y="496" />
							<connectionPointIn>
								<connection refLocalId="18" />
							</connectionPointIn>
							<action>
								<inline>
									<ST>Marche_Avant;</ST>
								</inline>
							</action>
						</actionBlock>
						<step name="24" localId="18">
							<position x="384" y="496" />
							<connectionPointIn>
								<connection refLocalId="30" />
							</connectionPointIn>
						</step>
						<actionBlock localId="47" width="128" height="64">
							<position x="704" y="1120" />
							<connectionPointIn>
								<connection refLocalId="19" />
							</connectionPointIn>
							<action>
								<inline>
									<ST>Marche_Avant;</ST>
								</inline>
							</action>
						</actionBlock>
						<step name="29" localId="19">
							<position x="624" y="1120" />
							<connectionPointIn>
								<connection refLocalId="33" />
							</connectionPointIn>
						</step>
						<transition localId="20">
							<position x="112" y="1512" />
							<connectionPointIn>
								<connection refLocalId="9" />
							</connectionPointIn>
							<condition>
								<inline name="20">
									<ST>NivHaut</ST>
								</inline>
							</condition>
							<documentation>CB.index=34</documentation>
						</transition>
						<transition localId="21">
							<position x="112" y="1380" />
							<connectionPointIn>
								<connection refLocalId="10" />
							</connectionPointIn>
							<condition>
								<inline name="21">
									<ST>NivBas</ST>
								</inline>
							</condition>
							<documentation>CB.index=33</documentation>
						</transition>
						<transition localId="22">
							<position x="112" y="1224" />
							<connectionPointIn>
								<connection refLocalId="11" />
							</connectionPointIn>
							<condition>
								<inline name="22">
									<ST>Position = Numero_Decharg</ST>
								</inline>
							</condition>
							<documentation>CB.index=30</documentation>
						</transition>
						<selectionDivergence localId="48" width="576">
							<position x="96" y="976" />
							<connectionPointIn>
								<connection refLocalId="12" />
							</connectionPointIn>
						</selectionDivergence>
						<transition localId="23">
							<position x="112" y="1080" />
							<connectionPointIn>
								<connection refLocalId="48" />
							</connectionPointIn>
							<condition>
								<inline name="23">
									<ST>Position &gt; Numero_Decharg</ST>
								</inline>
							</condition>
							<documentation>CB.index=29</documentation>
						</transition>
						<transition localId="24">
							<position x="112" y="872" />
							<connectionPointIn>
								<connection refLocalId="13" />
							</connectionPointIn>
							<condition>
								<inline name="24">
									<ST>NivHaut</ST>
								</inline>
							</condition>
							<documentation>CB.index=28</documentation>
						</transition>
						<transition localId="25">
							<position x="112" y="736" />
							<connectionPointIn>
								<connection refLocalId="14" />
							</connectionPointIn>
							<condition>
								<inline name="25">
									<ST>NivBas</ST>
								</inline>
							</condition>
							<documentation>CB.index=27</documentation>
						</transition>
						<transition localId="26">
							<position x="112" y="584" />
							<connectionPointIn>
								<connection refLocalId="15" />
							</connectionPointIn>
							<condition>
								<inline name="26">
									<ST>Position = Numero_Charg</ST>
								</inline>
							</condition>
							<documentation>CB.index=23</documentation>
						</transition>
						<selectionDivergence localId="49" width="600">
							<position x="112" y="376" />
							<connectionPointIn>
								<connection refLocalId="16" />
							</connectionPointIn>
						</selectionDivergence>
						<transition localId="27">
							<position x="112" y="456" />
							<connectionPointIn>
								<connection refLocalId="49" />
							</connectionPointIn>
							<condition>
								<inline name="27">
									<ST>Position &gt; Numero_Charg</ST>
								</inline>
							</condition>
							<documentation>CB.index=22</documentation>
						</transition>
						<transition localId="28">
							<position x="448" y="272" />
							<connectionPointIn>
								<connection refLocalId="17" />
							</connectionPointIn>
							<condition>
								<inline name="28">
									<ST>T/X21/2</ST>
								</inline>
							</condition>
							<documentation>CB.index=21</documentation>
						</transition>
						<transition localId="29">
							<position x="448" y="144" />
							<connectionPointIn>
								<connection refLocalId="8" />
							</connectionPointIn>
							<condition>
								<inline name="29">
									<ST>(NOT(Etat_Pile) AND X11)</ST>
								</inline>
							</condition>
							<documentation>CB.index=20</documentation>
						</transition>
						<transition localId="30">
							<position x="400" y="456" />
							<connectionPointIn>
								<connection refLocalId="49" />
							</connectionPointIn>
							<condition>
								<inline name="30">
									<ST>Position &lt; Numero_Charg</ST>
								</inline>
							</condition>
							<documentation>CB.index=24</documentation>
						</transition>
						<transition localId="31">
							<position x="400" y="584" />
							<connectionPointIn>
								<connection refLocalId="18" />
							</connectionPointIn>
							<condition>
								<inline name="31">
									<ST>Position = Numero_Charg</ST>
								</inline>
							</condition>
							<documentation>CB.index=25</documentation>
						</transition>
						<transition localId="32">
							<position x="680" y="520" />
							<connectionPointIn>
								<connection refLocalId="49" />
							</connectionPointIn>
							<condition>
								<inline name="32">
									<ST>Position = Numero_Charg
</ST>
								</inline>
							</condition>
							<documentation>CB.index=26</documentation>
						</transition>
						<transition localId="33">
							<position x="640" y="1080" />
							<connectionPointIn>
								<connection refLocalId="48" />
							</connectionPointIn>
							<condition>
								<inline name="33">
									<ST>Position &lt; Numero_Decharg</ST>
								</inline>
							</condition>
							<documentation>CB.index=31</documentation>
						</transition>
						<transition localId="34">
							<position x="640" y="1224" />
							<connectionPointIn>
								<connection refLocalId="19" />
							</connectionPointIn>
							<condition>
								<inline name="34">
									<ST>Position = Numero_Decharg</ST>
								</inline>
							</condition>
							<documentation>CB.index=32</documentation>
						</transition>
					</SFC>
				</body>
				<documentation>CB.Or_Divergences_Exclusivity=true
</documentation>
			</pou>
		</pous>
	</types>
	<instances>
		<configurations />
	</instances>
</project>