<?xml version="1.0" encoding="ISO-8859-1"?>
<!-- Generator: ControlBuild -->

<project xmlns="http://www.plcopen.org/xml/tc6.xsd" xmlns:xhtml="http://www.w3.org/1999/xhtml" xmlns:xsi="http://www.w3.org/2001/XMLSchema-instance" xsi:schemaLocation="http://www.plcopen.org/xml/tc6.xsd TC6_XML_V099_TNI.xsd">
	<fileHeader companyName="TNI-Software" productName="ControlBuild" productVersion="4.00" creationDateTime="2006-10-31T18:44:06-01:00" />
	<contentHeader name="verif_conditions_initiales">
		<coordinateInfo>
			<fbd>
				<scaling x="100" y="100" />
			</fbd>
			<ld>
				<scaling x="100" y="100" />
			</ld>
			<sfc>
				<scaling x="32" y="8" />
			</sfc>
		</coordinateInfo>
	</contentHeader>
	<types>
		<dataTypes />
		<pous>
			<pou name="chaine_de_traitement.verif_conditions_initiales" pouType="functionBlock">
				<interface>
					<inputVars>
						<variable name="PP5">
							<type>
								<BOOL />
							</type>
							<initialValue>
								<simpleValue value="false" />
							</initialValue>
						</variable>
						<variable name="PP4">
							<type>
								<BOOL />
							</type>
							<initialValue>
								<simpleValue value="false" />
							</initialValue>
						</variable>
						<variable name="PP3">
							<type>
								<BOOL />
							</type>
							<initialValue>
								<simpleValue value="false" />
							</initialValue>
						</variable>
						<variable name="PP2">
							<type>
								<BOOL />
							</type>
							<initialValue>
								<simpleValue value="false" />
							</initialValue>
						</variable>
						<variable name="PP1">
							<type>
								<BOOL />
							</type>
							<initialValue>
								<simpleValue value="false" />
							</initialValue>
						</variable>
						<variable name="Etat_Aimant">
							<type>
								<BOOL />
							</type>
							<initialValue>
								<simpleValue value="false" />
							</initialValue>
						</variable>
						<variable name="NivHaut">
							<type>
								<BOOL />
							</type>
							<initialValue>
								<simpleValue value="false" />
							</initialValue>
						</variable>
						<variable name="P1">
							<type>
								<BOOL />
							</type>
							<initialValue>
								<simpleValue value="false" />
							</initialValue>
						</variable>
						<documentation>CB.kind=inputVars</documentation>
					</inputVars>
					<outputVars>
						<variable name="Cond_Init_Verifiees">
							<type>
								<BOOL />
							</type>
							<initialValue>
								<simpleValue value="false" />
							</initialValue>
						</variable>
						<documentation>CB.kind=outputVars</documentation>
					</outputVars>
				</interface>
				<actions>
				</actions>
				<body>
					<FBD>
						<label localId="0" label="1">
							<position x="100" y="0" />
						</label>
						<inVariable localId="1">
							<position x="0" y="100" />
							<expression>PP5</expression>
						</inVariable>
						<inVariable localId="5">
							<position x="0" y="200" />
							<expression>PP4</expression>
						</inVariable>
						<inVariable localId="6">
							<position x="0" y="300" />
							<expression>PP3</expression>
						</inVariable>
						<inVariable localId="7">
							<position x="0" y="400" />
							<expression>PP2</expression>
						</inVariable>
						<inVariable localId="8">
							<position x="0" y="500" />
							<expression>PP1</expression>
						</inVariable>
						<inVariable localId="9">
							<position x="0" y="600" />
							<expression>Etat_Aimant</expression>
						</inVariable>
						<inVariable localId="10">
							<position x="0" y="700" />
							<expression>NivHaut</expression>
						</inVariable>
						<inVariable localId="11">
							<position x="0" y="800" />
							<expression>P1</expression>
						</inVariable>
						<block localId="2" width="100" height="800" typeName="and_bool">
							<position x="500" y="100" />
							<inputVariables>
								<variable formalParameter="e1" negated="true">
									<connectionPointIn>
										<connection refLocalId="1" />
									</connectionPointIn>
								</variable>
								<variable formalParameter="e2" negated="true">
									<connectionPointIn>
										<connection refLocalId="5" />
									</connectionPointIn>
								</variable>
								<variable formalParameter="e3" negated="true">
									<connectionPointIn>
										<connection refLocalId="6" />
									</connectionPointIn>
								</variable>
								<variable formalParameter="e4" negated="true">
									<connectionPointIn>
										<connection refLocalId="7" />
									</connectionPointIn>
								</variable>
								<variable formalParameter="e5" negated="true">
									<connectionPointIn>
										<connection refLocalId="8" />
									</connectionPointIn>
								</variable>
								<variable formalParameter="e6" negated="true">
									<connectionPointIn>
										<connection refLocalId="9" />
									</connectionPointIn>
								</variable>
								<variable formalParameter="e7">
									<connectionPointIn>
										<connection refLocalId="10" />
									</connectionPointIn>
								</variable>
								<variable formalParameter="e8">
									<connectionPointIn>
										<connection refLocalId="11" />
									</connectionPointIn>
								</variable>
							</inputVariables>
							<inOutVariables />
							<outputVariables>
								<variable formalParameter="s9">
								</variable>
							</outputVariables>
							<documentation>CB.Porte=true</documentation>
						</block>
						<outVariable localId="3">
							<position x="1100" y="100" />
							<connectionPointIn>
								<connection refLocalId="2" formalParameter="s9" />
							</connectionPointIn>
							<expression>Cond_Init_Verifiees</expression>
							<documentation>CB.Affect=true</documentation>
						</outVariable>
					</FBD>
				</body>
			</pou>
		</pous>
	</types>
	<instances>
		<configurations />
	</instances>
</project>