<?xml version="1.0" encoding="ISO-8859-1"?>
<!-- Generator: ControlBuild -->

<project xmlns="http://www.plcopen.org/xml/tc6.xsd" xmlns:xhtml="http://www.w3.org/1999/xhtml" xmlns:xsi="http://www.w3.org/2001/XMLSchema-instance" xsi:schemaLocation="http://www.plcopen.org/xml/tc6.xsd TC6_XML_V099_TNI.xsd">
	<fileHeader companyName="TNI-Software" productName="ControlBuild" productVersion="4.00" creationDateTime="2007-01-25T16:13:17-01:00" />
	<contentHeader name="prod">
		<coordinateInfo>
			<fbd>
				<scaling x="100" y="100" />
			</fbd>
			<ld>
				<scaling x="100" y="100" />
			</ld>
			<sfc>
				<scaling x="32" y="8" />
			</sfc>
		</coordinateInfo>
	</contentHeader>
	<types>
		<dataTypes />
		<pous>
			<pou name="chaine_de_traitement.prod" pouType="functionBlock">
				<interface>
					<inputVars>
						<variable name="Position">
							<type>
								<INT />
							</type>
							<initialValue>
								<simpleValue value="0" />
							</initialValue>
						</variable>
						<variable name="Fin_Decharg">
							<type>
								<BOOL />
							</type>
							<initialValue>
								<simpleValue value="false" />
							</initialValue>
						</variable>
						<variable name="Demande_Decharg">
							<type>
								<BOOL />
							</type>
							<initialValue>
								<simpleValue value="false" />
							</initialValue>
						</variable>
						<variable name="Fin_Charg">
							<type>
								<BOOL />
							</type>
							<initialValue>
								<simpleValue value="false" />
							</initialValue>
						</variable>
						<variable name="Demande_Charg">
							<type>
								<BOOL />
							</type>
							<initialValue>
								<simpleValue value="false" />
							</initialValue>
						</variable>
						<variable name="Lancer_Tuer_Prod">
							<type>
								<BOOL />
							</type>
							<initialValue>
								<simpleValue value="false" />
							</initialValue>
						</variable>
						<variable name="Occupee">
							<type>
								<BOOL />
							</type>
							<initialValue>
								<simpleValue value="false" />
							</initialValue>
						</variable>
						<variable name="Afcy_Demande">
							<type>
								<BOOL />
							</type>
							<initialValue>
								<simpleValue value="false" />
							</initialValue>
						</variable>
						<variable name="Barriere_Fermee">
							<type>
								<BOOL />
							</type>
							<initialValue>
								<simpleValue value="false" />
							</initialValue>
						</variable>
						<variable name="Barriere_Ouverte">
							<type>
								<BOOL />
							</type>
							<initialValue>
								<simpleValue value="false" />
							</initialValue>
						</variable>
						<variable name="NivBas">
							<type>
								<BOOL />
							</type>
							<initialValue>
								<simpleValue value="false" />
							</initialValue>
						</variable>
						<documentation>CB.kind=inputVars</documentation>
					</inputVars>
					<outputVars>
						<variable name="Fermer_Barriere">
							<type>
								<BOOL />
							</type>
							<initialValue>
								<simpleValue value="false" />
							</initialValue>
						</variable>
						<variable name="Ouvrir_Barriere">
							<type>
								<BOOL />
							</type>
							<initialValue>
								<simpleValue value="false" />
							</initialValue>
						</variable>
						<variable name="PP5">
							<type>
								<BOOL />
							</type>
							<initialValue>
								<simpleValue value="false" />
							</initialValue>
						</variable>
						<variable name="PP4">
							<type>
								<BOOL />
							</type>
							<initialValue>
								<simpleValue value="false" />
							</initialValue>
						</variable>
						<variable name="PP3">
							<type>
								<BOOL />
							</type>
							<initialValue>
								<simpleValue value="false" />
							</initialValue>
						</variable>
						<variable name="PP2">
							<type>
								<BOOL />
							</type>
							<initialValue>
								<simpleValue value="false" />
							</initialValue>
						</variable>
						<variable name="PP1">
							<type>
								<BOOL />
							</type>
							<initialValue>
								<simpleValue value="false" />
							</initialValue>
						</variable>
						<variable name="Valeur_A_Ecrire_Dans_Pile">
							<type>
								<INT />
							</type>
							<initialValue>
								<simpleValue value="0" />
							</initialValue>
						</variable>
						<variable name="Ecrire_Dans_Pile">
							<type>
								<BOOL />
							</type>
							<initialValue>
								<simpleValue value="false" />
							</initialValue>
						</variable>
						<variable name="Position_Initiale">
							<type>
								<BOOL />
							</type>
							<initialValue>
								<simpleValue value="false" />
							</initialValue>
						</variable>
						<documentation>CB.kind=outputVars</documentation>
					</outputVars>
					<localVars>
						<variable name="tmp1">
							<type>
								<INT />
							</type>
							<initialValue>
								<simpleValue value="0" />
							</initialValue>
						</variable>
						<variable name="tmp3">
							<type>
								<BOOL />
							</type>
							<initialValue>
								<simpleValue value="false" />
							</initialValue>
						</variable>
						<variable name="tmp2">
							<type>
								<BOOL />
							</type>
							<initialValue>
								<simpleValue value="false" />
							</initialValue>
						</variable>
						<variable name="tmp4">
							<type>
								<INT />
							</type>
							<initialValue>
								<simpleValue value="0" />
							</initialValue>
						</variable>
						<documentation>CB.kind=localVars</documentation>
					</localVars>
					<localVars constant="true">
						<variable name="Tempo1">
							<type>
								<INT />
							</type>
							<initialValue>
								<simpleValue value="5" />
							</initialValue>
						</variable>
						<documentation>CB.kind=parameterVars</documentation>
					</localVars>
				</interface>
				<actions>
					<action name="PostSFC">
						<body>
							<ST>Position_Initiale:= X20 AND X44 AND X48 AND X40 AND X36; </ST>
						</body>
					</action>
				</actions>
				<body>
					<SFC>
						<label localId="0" label="G1">
							<position x="0" y="0" />
						</label>
						<actionBlock localId="5" width="208" height="112">
							<position x="112" y="56" />
							<connectionPointIn>
								<connection refLocalId="1" />
							</connectionPointIn>
							<action>
								<inline>
									<ST>IF(NOT(tmp2)) THEN
	F/G2:();
	tmp2:=TRUE;
END_IF;
tmp3:=FALSE;</ST>
								</inline>
							</action>
						</actionBlock>
						<step name="10" localId="1" initialStep="true">
							<position x="32" y="56" />
							<connectionPointIn>
								<connection refLocalId="3" />
							</connectionPointIn>
						</step>
						<actionBlock localId="6" width="216" height="112">
							<position x="112" y="240" />
							<connectionPointIn>
								<connection refLocalId="2" />
							</connectionPointIn>
							<action>
								<inline>
									<ST>IF (NOT(tmp3)) THEN
	F/G2:(Init);
	tmp3:=TRUE;
END_IF;
tmp2:=FALSE;</ST>
								</inline>
							</action>
						</actionBlock>
						<step name="11" localId="2">
							<position x="32" y="240" />
							<connectionPointIn>
								<connection refLocalId="4" />
							</connectionPointIn>
						</step>
						<transition localId="3">
							<position x="48" y="376" />
							<connectionPointIn>
								<connection refLocalId="2" />
							</connectionPointIn>
							<condition>
								<inline name="3">
									<ST>NOT(Lancer_Tuer_Prod)</ST>
								</inline>
							</condition>
							<documentation>CB.index=11</documentation>
						</transition>
						<transition localId="4">
							<position x="48" y="184" />
							<connectionPointIn>
								<connection refLocalId="1" />
							</connectionPointIn>
							<condition>
								<inline name="4">
									<ST>Lancer_Tuer_Prod</ST>
								</inline>
							</condition>
							<documentation>CB.index=10</documentation>
						</transition>
						<label localId="7" label="G2">
							<position x="0" y="0" />
						</label>
						<selectionConvergence localId="86" width="352">
							<position x="616" y="64" />
							<connectionPointIn>
								<connection refLocalId="49" />
								<connection refLocalId="81" />
							</connectionPointIn>
						</selectionConvergence>
						<actionBlock localId="87" width="248" height="64">
							<position x="696" y="64" />
							<connectionPointIn>
								<connection refLocalId="8" />
							</connectionPointIn>
							<action>
								<inline>
									<ST>(* zone de chargement libre*);</ST>
								</inline>
							</action>
						</actionBlock>
						<step name="20" localId="8" initialStep="true">
							<position x="616" y="64" />
							<connectionPointIn>
								<connection refLocalId="86" />
							</connectionPointIn>
						</step>
						<actionBlock localId="88" width="128" height="64">
							<position x="696" y="1088" />
							<connectionPointIn>
								<connection refLocalId="9" />
							</connectionPointIn>
							<action>
								<inline>
									<ST>PP1:=FALSE;</ST>
								</inline>
							</action>
						</actionBlock>
						<step name="27" localId="9">
							<position x="616" y="1088" />
							<connectionPointIn>
								<connection refLocalId="50" />
							</connectionPointIn>
						</step>
						<actionBlock localId="89" width="224" height="64">
							<position x="696" y="936" />
							<connectionPointIn>
								<connection refLocalId="10" />
							</connectionPointIn>
							<action>
								<inline>
									<ST>Ecrire_Dans_Pile:=FALSE;</ST>
								</inline>
							</action>
						</actionBlock>
						<step name="26" localId="10">
							<position x="616" y="936" />
							<connectionPointIn>
								<connection refLocalId="51" />
							</connectionPointIn>
						</step>
						<actionBlock localId="90" width="312" height="80">
							<position x="696" y="768" />
							<connectionPointIn>
								<connection refLocalId="11" />
							</connectionPointIn>
							<action>
								<inline>
									<ST>IF (Occupee = FALSE) THEN
	Valeur_A_Ecrire_Dans_Pile:=1;
	Ecrire_Dans_Pile:=TRUE;
END_IF;</ST>
								</inline>
							</action>
						</actionBlock>
						<step name="25" localId="11">
							<position x="616" y="768" />
							<connectionPointIn>
								<connection refLocalId="52" />
							</connectionPointIn>
						</step>
						<step name="24" localId="12">
							<position x="616" y="616" />
							<connectionPointIn>
								<connection refLocalId="53" />
							</connectionPointIn>
						</step>
						<actionBlock localId="91" width="128" height="64">
							<position x="696" y="472" />
							<connectionPointIn>
								<connection refLocalId="13" />
							</connectionPointIn>
							<action>
								<inline>
									<ST>Fermer_Barriere;
PP1:=TRUE;</ST>
								</inline>
							</action>
						</actionBlock>
						<step name="23" localId="13">
							<position x="616" y="472" />
							<connectionPointIn>
								<connection refLocalId="54" />
							</connectionPointIn>
						</step>
						<step name="22" localId="14">
							<position x="616" y="336" />
							<connectionPointIn>
								<connection refLocalId="55" />
							</connectionPointIn>
						</step>
						<actionBlock localId="92" width="128" height="64">
							<position x="696" y="200" />
							<connectionPointIn>
								<connection refLocalId="15" />
							</connectionPointIn>
							<action>
								<inline>
									<ST>Ouvrir_Barriere;</ST>
								</inline>
							</action>
						</actionBlock>
						<step name="21" localId="15">
							<position x="616" y="200" />
							<connectionPointIn>
								<connection refLocalId="56" />
							</connectionPointIn>
						</step>
						<simultaneousDivergence localId="93" width="336">
							<position x="568" y="2184" />
							<connectionPointIn>
								<connection refLocalId="57" />
							</connectionPointIn>
						</simultaneousDivergence>
						<actionBlock localId="94" width="128" height="64">
							<position x="920" y="616" />
							<connectionPointIn>
								<connection refLocalId="16" />
							</connectionPointIn>
							<action>
								<inline>
									<ST>(*bain 1 vide*);</ST>
								</inline>
							</action>
						</actionBlock>
						<step name="44" localId="16" initialStep="true">
							<position x="840" y="616" />
							<connectionPointIn>
								<connection refLocalId="93" />
							</connectionPointIn>
						</step>
						<actionBlock localId="95" width="128" height="64">
							<position x="808" y="2080" />
							<connectionPointIn>
								<connection refLocalId="17" />
							</connectionPointIn>
							<action>
								<inline>
									<ST>PP2:=FALSE;</ST>
								</inline>
							</action>
						</actionBlock>
						<step name="54" localId="17">
							<position x="728" y="2080" />
							<connectionPointIn>
								<connection refLocalId="58" />
							</connectionPointIn>
						</step>
						<actionBlock localId="96" width="224" height="64">
							<position x="808" y="1944" />
							<connectionPointIn>
								<connection refLocalId="18" />
							</connectionPointIn>
							<action>
								<inline>
									<ST>Ecrire_Dans_Pile:=FALSE;</ST>
								</inline>
							</action>
						</actionBlock>
						<step name="53" localId="18">
							<position x="728" y="1944" />
							<connectionPointIn>
								<connection refLocalId="59" />
							</connectionPointIn>
						</step>
						<actionBlock localId="97" width="272" height="112">
							<position x="808" y="1752" />
							<connectionPointIn>
								<connection refLocalId="19" />
							</connectionPointIn>
							<action>
								<inline>
									<ST>IF (Occupee = FALSE) THEN
	Valeur_A_Ecrire_Dans_Pile:=2;
	Ecrire_Dans_Pile:=TRUE;
END_IF;</ST>
								</inline>
							</action>
						</actionBlock>
						<step name="52" localId="19">
							<position x="728" y="1752" />
							<connectionPointIn>
								<connection refLocalId="60" />
							</connectionPointIn>
						</step>
						<simultaneousDivergence localId="98" width="400">
							<position x="552" y="3152" />
							<connectionPointIn>
								<connection refLocalId="61" />
							</connectionPointIn>
						</simultaneousDivergence>
						<actionBlock localId="99" width="128" height="64">
							<position x="632" y="1520" />
							<connectionPointIn>
								<connection refLocalId="20" />
							</connectionPointIn>
							<action>
								<inline>
									<ST>(*bain 2 vide*);</ST>
								</inline>
							</action>
						</actionBlock>
						<step name="48" localId="20" initialStep="true">
							<position x="552" y="1520" />
							<connectionPointIn>
								<connection refLocalId="98" />
							</connectionPointIn>
						</step>
						<actionBlock localId="100" width="128" height="64">
							<position x="832" y="3024" />
							<connectionPointIn>
								<connection refLocalId="21" />
							</connectionPointIn>
							<action>
								<inline>
									<ST>PP3:=FALSE;</ST>
								</inline>
							</action>
						</actionBlock>
						<step name="51" localId="21">
							<position x="752" y="3024" />
							<connectionPointIn>
								<connection refLocalId="62" />
							</connectionPointIn>
						</step>
						<actionBlock localId="101" width="224" height="64">
							<position x="832" y="2864" />
							<connectionPointIn>
								<connection refLocalId="22" />
							</connectionPointIn>
							<action>
								<inline>
									<ST>Ecrire_Dans_Pile:=FALSE;</ST>
								</inline>
							</action>
						</actionBlock>
						<step name="50" localId="22">
							<position x="752" y="2864" />
							<connectionPointIn>
								<connection refLocalId="63" />
							</connectionPointIn>
						</step>
						<actionBlock localId="102" width="312" height="88">
							<position x="832" y="2704" />
							<connectionPointIn>
								<connection refLocalId="23" />
							</connectionPointIn>
							<action>
								<inline>
									<ST>IF (Occupee = FALSE) THEN
	Valeur_A_Ecrire_Dans_Pile:=3;
	Ecrire_Dans_Pile:=TRUE;
END_IF;</ST>
								</inline>
							</action>
						</actionBlock>
						<step name="49" localId="23">
							<position x="752" y="2704" />
							<connectionPointIn>
								<connection refLocalId="64" />
							</connectionPointIn>
						</step>
						<step name="57" localId="24">
							<position x="568" y="2544" />
							<connectionPointIn>
								<connection refLocalId="65" />
							</connectionPointIn>
						</step>
						<actionBlock localId="103" width="128" height="64">
							<position x="648" y="2400" />
							<connectionPointIn>
								<connection refLocalId="25" />
							</connectionPointIn>
							<action>
								<inline>
									<ST>PP3:=TRUE;</ST>
								</inline>
							</action>
						</actionBlock>
						<step name="56" localId="25">
							<position x="568" y="2400" />
							<connectionPointIn>
								<connection refLocalId="66" />
							</connectionPointIn>
						</step>
						<step name="55" localId="26">
							<position x="568" y="2264" />
							<connectionPointIn>
								<connection refLocalId="93" />
							</connectionPointIn>
						</step>
						<simultaneousDivergence localId="104" width="216">
							<position x="760" y="4128" />
							<connectionPointIn>
								<connection refLocalId="67" />
							</connectionPointIn>
						</simultaneousDivergence>
						<actionBlock localId="105" width="112" height="64">
							<position x="952" y="2544" />
							<connectionPointIn>
								<connection refLocalId="27" />
							</connectionPointIn>
							<action>
								<inline>
									<ST>(*bain 3 vide*);</ST>
								</inline>
							</action>
						</actionBlock>
						<step name="40" localId="27" initialStep="true">
							<position x="872" y="2544" />
							<connectionPointIn>
								<connection refLocalId="104" />
							</connectionPointIn>
						</step>
						<actionBlock localId="106" width="128" height="64">
							<position x="824" y="4024" />
							<connectionPointIn>
								<connection refLocalId="28" />
							</connectionPointIn>
							<action>
								<inline>
									<ST>PP4:=FALSE;</ST>
								</inline>
							</action>
						</actionBlock>
						<step name="39" localId="28">
							<position x="744" y="4024" />
							<connectionPointIn>
								<connection refLocalId="68" />
							</connectionPointIn>
						</step>
						<actionBlock localId="107" width="224" height="64">
							<position x="824" y="3872" />
							<connectionPointIn>
								<connection refLocalId="29" />
							</connectionPointIn>
							<action>
								<inline>
									<ST>Ecrire_Dans_Pile:=FALSE;</ST>
								</inline>
							</action>
						</actionBlock>
						<step name="38" localId="29">
							<position x="744" y="3872" />
							<connectionPointIn>
								<connection refLocalId="69" />
							</connectionPointIn>
						</step>
						<actionBlock localId="108" width="312" height="80">
							<position x="824" y="3720" />
							<connectionPointIn>
								<connection refLocalId="30" />
							</connectionPointIn>
							<action>
								<inline>
									<ST>IF (Occupee = FALSE) THEN
	Valeur_A_Ecrire_Dans_Pile:=4;
	Ecrire_Dans_Pile:=TRUE;
END_IF;</ST>
								</inline>
							</action>
						</actionBlock>
						<step name="37" localId="30">
							<position x="744" y="3720" />
							<connectionPointIn>
								<connection refLocalId="70" />
							</connectionPointIn>
						</step>
						<simultaneousDivergence localId="109" width="424">
							<position x="560" y="5136" />
							<connectionPointIn>
								<connection refLocalId="71" />
							</connectionPointIn>
						</simultaneousDivergence>
						<actionBlock localId="110" width="128" height="64">
							<position x="640" y="3544" />
							<connectionPointIn>
								<connection refLocalId="31" />
							</connectionPointIn>
							<action>
								<inline>
									<ST>(*bain 4 vide*);</ST>
								</inline>
							</action>
						</actionBlock>
						<step name="36" localId="31" initialStep="true">
							<position x="560" y="3544" />
							<connectionPointIn>
								<connection refLocalId="109" />
							</connectionPointIn>
						</step>
						<actionBlock localId="111" width="128" height="64">
							<position x="864" y="4960" />
							<connectionPointIn>
								<connection refLocalId="32" />
							</connectionPointIn>
							<action>
								<inline>
									<ST>PP5:=FALSE;</ST>
								</inline>
							</action>
						</actionBlock>
						<step name="30" localId="32">
							<position x="784" y="4960" />
							<connectionPointIn>
								<connection refLocalId="72" />
							</connectionPointIn>
						</step>
						<actionBlock localId="112" width="224" height="64">
							<position x="864" y="4816" />
							<connectionPointIn>
								<connection refLocalId="33" />
							</connectionPointIn>
							<action>
								<inline>
									<ST>Ecrire_Dans_Pile:=FALSE;</ST>
								</inline>
							</action>
						</actionBlock>
						<step name="29" localId="33">
							<position x="784" y="4816" />
							<connectionPointIn>
								<connection refLocalId="73" />
							</connectionPointIn>
						</step>
						<actionBlock localId="113" width="312" height="96">
							<position x="864" y="4648" />
							<connectionPointIn>
								<connection refLocalId="34" />
							</connectionPointIn>
							<action>
								<inline>
									<ST>IF (Occupee = FALSE) THEN
	Valeur_A_Ecrire_Dans_Pile:=5;
	Ecrire_Dans_Pile:=TRUE;
END_IF;</ST>
								</inline>
							</action>
						</actionBlock>
						<step name="28" localId="34">
							<position x="784" y="4648" />
							<connectionPointIn>
								<connection refLocalId="74" />
							</connectionPointIn>
						</step>
						<step name="43" localId="35">
							<position x="912" y="4480" />
							<connectionPointIn>
								<connection refLocalId="75" />
							</connectionPointIn>
						</step>
						<actionBlock localId="114" width="128" height="64">
							<position x="992" y="4344" />
							<connectionPointIn>
								<connection refLocalId="36" />
							</connectionPointIn>
							<action>
								<inline>
									<ST>PP5:=TRUE;</ST>
								</inline>
							</action>
						</actionBlock>
						<step name="42" localId="36">
							<position x="912" y="4344" />
							<connectionPointIn>
								<connection refLocalId="76" />
							</connectionPointIn>
						</step>
						<step name="41" localId="37">
							<position x="912" y="4200" />
							<connectionPointIn>
								<connection refLocalId="104" />
							</connectionPointIn>
						</step>
						<step name="31" localId="38">
							<position x="920" y="5216" />
							<connectionPointIn>
								<connection refLocalId="109" />
							</connectionPointIn>
						</step>
						<actionBlock localId="115" width="128" height="64">
							<position x="1000" y="5360" />
							<connectionPointIn>
								<connection refLocalId="39" />
							</connectionPointIn>
							<action>
								<inline>
									<ST>PP1:=TRUE;</ST>
								</inline>
							</action>
						</actionBlock>
						<step name="32" localId="39">
							<position x="920" y="5360" />
							<connectionPointIn>
								<connection refLocalId="77" />
							</connectionPointIn>
						</step>
						<actionBlock localId="116" width="128" height="64">
							<position x="1000" y="5504" />
							<connectionPointIn>
								<connection refLocalId="40" />
							</connectionPointIn>
							<action>
								<inline>
									<ST>Ouvrir_Barriere;</ST>
								</inline>
							</action>
						</actionBlock>
						<step name="33" localId="40">
							<position x="920" y="5504" />
							<connectionPointIn>
								<connection refLocalId="78" />
							</connectionPointIn>
						</step>
						<step name="34" localId="41">
							<position x="920" y="5648" />
							<connectionPointIn>
								<connection refLocalId="79" />
							</connectionPointIn>
						</step>
						<actionBlock localId="117" width="128" height="64">
							<position x="1000" y="5776" />
							<connectionPointIn>
								<connection refLocalId="42" />
							</connectionPointIn>
							<action>
								<inline>
									<ST>Fermer_Barriere;
PP1:=FALSE;</ST>
								</inline>
							</action>
						</actionBlock>
						<step name="35" localId="42">
							<position x="920" y="5776" />
							<connectionPointIn>
								<connection refLocalId="80" />
							</connectionPointIn>
						</step>
						<step name="60" localId="43">
							<position x="888" y="3544" />
							<connectionPointIn>
								<connection refLocalId="82" />
							</connectionPointIn>
						</step>
						<actionBlock localId="118" width="128" height="64">
							<position x="968" y="3416" />
							<connectionPointIn>
								<connection refLocalId="44" />
							</connectionPointIn>
							<action>
								<inline>
									<ST>PP4:=TRUE;</ST>
								</inline>
							</action>
						</actionBlock>
						<step name="59" localId="44">
							<position x="888" y="3416" />
							<connectionPointIn>
								<connection refLocalId="83" />
							</connectionPointIn>
						</step>
						<step name="58" localId="45">
							<position x="888" y="3208" />
							<connectionPointIn>
								<connection refLocalId="98" />
							</connectionPointIn>
						</step>
						<step name="47" localId="46">
							<position x="856" y="1520" />
							<connectionPointIn>
								<connection refLocalId="84" />
							</connectionPointIn>
						</step>
						<actionBlock localId="119" width="128" height="64">
							<position x="936" y="1392" />
							<connectionPointIn>
								<connection refLocalId="47" />
							</connectionPointIn>
							<action>
								<inline>
									<ST>PP2:=TRUE;</ST>
								</inline>
							</action>
						</actionBlock>
						<step name="46" localId="47">
							<position x="856" y="1392" />
							<connectionPointIn>
								<connection refLocalId="85" />
							</connectionPointIn>
						</step>
						<selectionConvergence localId="120" width="288">
							<position x="632" y="1256" />
							<connectionPointIn>
								<connection refLocalId="49" />
								<connection refLocalId="49" />
							</connectionPointIn>
						</selectionConvergence>
						<step name="45" localId="48">
							<position x="856" y="1256" />
							<connectionPointIn>
								<connection refLocalId="120" />
							</connectionPointIn>
						</step>
						<transition localId="49">
							<position x="632" y="1194" />
							<connectionPointIn>
								<connection refLocalId="9" />
							</connectionPointIn>
							<condition>
								<inline name="49">
									<ST>TRUE</ST>
								</inline>
							</condition>
							<documentation>CB.index=27</documentation>
						</transition>
						<transition localId="50">
							<position x="632" y="1042" />
							<connectionPointIn>
								<connection refLocalId="10" />
							</connectionPointIn>
							<condition>
								<inline name="50">
									<ST>(Position = 1) AND NivBas</ST>
								</inline>
							</condition>
							<documentation>CB.index=26</documentation>
						</transition>
						<transition localId="51">
							<position x="632" y="880" />
							<connectionPointIn>
								<connection refLocalId="11" />
							</connectionPointIn>
							<condition>
								<inline name="51">
									<ST>(Valeur_A_Ecrire_Dans_Pile=1) AND Ecrire_Dans_Pile</ST>
								</inline>
							</condition>
							<documentation>CB.index=25</documentation>
						</transition>
						<simultaneousConvergence localId="121" width="288">
							<position x="616" y="728" />
							<connectionPointIn>
								<connection refLocalId="12" />
								<connection refLocalId="16" />
							</connectionPointIn>
						</simultaneousConvergence>
						<transition localId="52">
							<position x="632" y="728" />
							<connectionPointIn>
								<connection refLocalId="121" />
							</connectionPointIn>
							<condition>
								<inline name="52">
									<ST>TRUE</ST>
								</inline>
							</condition>
							<documentation>CB.index=24</documentation>
						</transition>
						<transition localId="53">
							<position x="632" y="572" />
							<connectionPointIn>
								<connection refLocalId="13" />
							</connectionPointIn>
							<condition>
								<inline name="53">
									<ST>Barriere_Fermee</ST>
								</inline>
							</condition>
							<documentation>CB.index=23</documentation>
						</transition>
						<transition localId="54">
							<position x="632" y="432" />
							<connectionPointIn>
								<connection refLocalId="14" />
							</connectionPointIn>
							<condition>
								<inline name="54">
									<ST>Fin_Charg</ST>
								</inline>
							</condition>
							<documentation>CB.index=22</documentation>
						</transition>
						<transition localId="55">
							<position x="632" y="296" />
							<connectionPointIn>
								<connection refLocalId="15" />
							</connectionPointIn>
							<condition>
								<inline name="55">
									<ST>Barriere_Ouverte AND NOT(Demande_Charg)</ST>
								</inline>
							</condition>
							<documentation>CB.index=21</documentation>
						</transition>
						<selectionDivergence localId="122" width="216">
							<position x="616" y="128" />
							<connectionPointIn>
								<connection refLocalId="8" />
							</connectionPointIn>
						</selectionDivergence>
						<transition localId="56">
							<position x="632" y="152" />
							<connectionPointIn>
								<connection refLocalId="122" />
							</connectionPointIn>
							<condition>
								<inline name="56">
									<ST>NOT(Afcy_Demande) AND Demande_Charg AND NOT(PP2 AND PP3 AND PP4 AND PP5) AND NOT(X43)</ST>
								</inline>
							</condition>
							<documentation>CB.index=20</documentation>
						</transition>
						<transition localId="57">
							<position x="744" y="2176" />
							<connectionPointIn>
								<connection refLocalId="17" />
							</connectionPointIn>
							<condition>
								<inline name="57">
									<ST>TRUE</ST>
								</inline>
							</condition>
							<documentation>CB.index=52</documentation>
						</transition>
						<transition localId="58">
							<position x="744" y="2040" />
							<connectionPointIn>
								<connection refLocalId="18" />
							</connectionPointIn>
							<condition>
								<inline name="58">
									<ST>(Position = 2) AND NivBas</ST>
								</inline>
							</condition>
							<documentation>CB.index=51</documentation>
						</transition>
						<transition localId="59">
							<position x="744" y="1888" />
							<connectionPointIn>
								<connection refLocalId="19" />
							</connectionPointIn>
							<condition>
								<inline name="59">
									<ST>(Valeur_A_Ecrire_Dans_Pile=2) AND Ecrire_Dans_Pile</ST>
								</inline>
							</condition>
							<documentation>CB.index=50</documentation>
						</transition>
						<simultaneousConvergence localId="123" width="368">
							<position x="552" y="1656" />
							<connectionPointIn>
								<connection refLocalId="20" />
								<connection refLocalId="46" />
								<connection refLocalId="46" />
							</connectionPointIn>
						</simultaneousConvergence>
						<transition localId="60">
							<position x="744" y="1656" />
							<connectionPointIn>
								<connection refLocalId="123" />
							</connectionPointIn>
							<condition>
								<inline name="60">
									<ST>TRUE</ST>
								</inline>
							</condition>
							<documentation>CB.index=49</documentation>
						</transition>
						<transition localId="61">
							<position x="768" y="3144" />
							<connectionPointIn>
								<connection refLocalId="21" />
							</connectionPointIn>
							<condition>
								<inline name="61">
									<ST>TRUE</ST>
								</inline>
							</condition>
							<documentation>CB.index=48</documentation>
						</transition>
						<transition localId="62">
							<position x="768" y="2984" />
							<connectionPointIn>
								<connection refLocalId="22" />
							</connectionPointIn>
							<condition>
								<inline name="62">
									<ST>(Position = 3) AND NivBas</ST>
								</inline>
							</condition>
							<documentation>CB.index=47</documentation>
						</transition>
						<transition localId="63">
							<position x="768" y="2816" />
							<connectionPointIn>
								<connection refLocalId="23" />
							</connectionPointIn>
							<condition>
								<inline name="63">
									<ST>(Valeur_A_Ecrire_Dans_Pile=3) AND Ecrire_Dans_Pile</ST>
								</inline>
							</condition>
							<documentation>CB.index=46</documentation>
						</transition>
						<simultaneousConvergence localId="124" width="368">
							<position x="568" y="2672" />
							<connectionPointIn>
								<connection refLocalId="24" />
								<connection refLocalId="27" />
							</connectionPointIn>
						</simultaneousConvergence>
						<transition localId="64">
							<position x="768" y="2672" />
							<connectionPointIn>
								<connection refLocalId="124" />
							</connectionPointIn>
							<condition>
								<inline name="64">
									<ST>TRUE</ST>
								</inline>
							</condition>
							<documentation>CB.index=45</documentation>
						</transition>
						<transition localId="65">
							<position x="584" y="2504" />
							<connectionPointIn>
								<connection refLocalId="25" />
							</connectionPointIn>
							<condition>
								<inline name="65">
									<ST>T/X56/Tempo1 s</ST>
								</inline>
							</condition>
							<documentation>CB.index=54</documentation>
						</transition>
						<transition localId="66">
							<position x="584" y="2360" />
							<connectionPointIn>
								<connection refLocalId="26" />
							</connectionPointIn>
							<condition>
								<inline name="66">
									<ST>(Position = 3) AND NivBas</ST>
								</inline>
							</condition>
							<documentation>CB.index=53</documentation>
						</transition>
						<transition localId="67">
							<position x="760" y="4120" />
							<connectionPointIn>
								<connection refLocalId="28" />
							</connectionPointIn>
							<condition>
								<inline name="67">
									<ST>TRUE</ST>
								</inline>
							</condition>
							<documentation>CB.index=40</documentation>
						</transition>
						<transition localId="68">
							<position x="760" y="3992" />
							<connectionPointIn>
								<connection refLocalId="29" />
							</connectionPointIn>
							<condition>
								<inline name="68">
									<ST>(Position = 4) AND NivBas</ST>
								</inline>
							</condition>
							<documentation>CB.index=39</documentation>
						</transition>
						<transition localId="69">
							<position x="760" y="3832" />
							<connectionPointIn>
								<connection refLocalId="30" />
							</connectionPointIn>
							<condition>
								<inline name="69">
									<ST>(Valeur_A_Ecrire_Dans_Pile=4) AND Ecrire_Dans_Pile</ST>
								</inline>
							</condition>
							<documentation>CB.index=38</documentation>
						</transition>
						<simultaneousConvergence localId="125" width="392">
							<position x="560" y="3672" />
							<connectionPointIn>
								<connection refLocalId="31" />
								<connection refLocalId="43" />
							</connectionPointIn>
						</simultaneousConvergence>
						<transition localId="70">
							<position x="760" y="3672" />
							<connectionPointIn>
								<connection refLocalId="125" />
							</connectionPointIn>
							<condition>
								<inline name="70">
									<ST>TRUE</ST>
								</inline>
							</condition>
							<documentation>CB.index=37</documentation>
						</transition>
						<transition localId="71">
							<position x="800" y="5128" />
							<connectionPointIn>
								<connection refLocalId="32" />
							</connectionPointIn>
							<condition>
								<inline name="71">
									<ST>TRUE</ST>
								</inline>
							</condition>
							<documentation>CB.index=31</documentation>
						</transition>
						<transition localId="72">
							<position x="800" y="4920" />
							<connectionPointIn>
								<connection refLocalId="33" />
							</connectionPointIn>
							<condition>
								<inline name="72">
									<ST>(Position = 5) AND NivBas</ST>
								</inline>
							</condition>
							<documentation>CB.index=30</documentation>
						</transition>
						<transition localId="73">
							<position x="800" y="4776" />
							<connectionPointIn>
								<connection refLocalId="34" />
							</connectionPointIn>
							<condition>
								<inline name="73">
									<ST>(Valeur_A_Ecrire_Dans_Pile=5) AND Ecrire_Dans_Pile</ST>
								</inline>
							</condition>
							<documentation>CB.index=29</documentation>
						</transition>
						<simultaneousConvergence localId="126" width="360">
							<position x="616" y="4608" />
							<connectionPointIn>
								<connection refLocalId="8" />
								<connection refLocalId="35" />
							</connectionPointIn>
						</simultaneousConvergence>
						<transition localId="74">
							<position x="800" y="4608" />
							<connectionPointIn>
								<connection refLocalId="126" />
							</connectionPointIn>
							<condition>
								<inline name="74">
									<ST>TRUE</ST>
								</inline>
							</condition>
							<documentation>CB.index=28</documentation>
						</transition>
						<transition localId="75">
							<position x="928" y="4448" />
							<connectionPointIn>
								<connection refLocalId="36" />
							</connectionPointIn>
							<condition>
								<inline name="75">
									<ST>T/X42/Tempo1 s</ST>
								</inline>
							</condition>
							<documentation>CB.index=42</documentation>
						</transition>
						<transition localId="76">
							<position x="928" y="4304" />
							<connectionPointIn>
								<connection refLocalId="37" />
							</connectionPointIn>
							<condition>
								<inline name="76">
									<ST>(Position = 5) AND NivBas</ST>
								</inline>
							</condition>
							<documentation>CB.index=41</documentation>
						</transition>
						<transition localId="77">
							<position x="936" y="5320" />
							<connectionPointIn>
								<connection refLocalId="38" />
							</connectionPointIn>
							<condition>
								<inline name="77">
									<ST>(Position=1) AND NivBas</ST>
								</inline>
							</condition>
							<documentation>CB.index=32</documentation>
						</transition>
						<transition localId="78">
							<position x="936" y="5464" />
							<connectionPointIn>
								<connection refLocalId="39" />
							</connectionPointIn>
							<condition>
								<inline name="78">
									<ST>Demande_Decharg</ST>
								</inline>
							</condition>
							<documentation>CB.index=33</documentation>
						</transition>
						<transition localId="79">
							<position x="936" y="5608" />
							<connectionPointIn>
								<connection refLocalId="40" />
							</connectionPointIn>
							<condition>
								<inline name="79">
									<ST>Barriere_Ouverte</ST>
								</inline>
							</condition>
							<documentation>CB.index=34</documentation>
						</transition>
						<transition localId="80">
							<position x="936" y="5736" />
							<connectionPointIn>
								<connection refLocalId="41" />
							</connectionPointIn>
							<condition>
								<inline name="80">
									<ST>Fin_Decharg</ST>
								</inline>
							</condition>
							<documentation>CB.index=35</documentation>
						</transition>
						<transition localId="81">
							<position x="936" y="5864" />
							<connectionPointIn>
								<connection refLocalId="42" />
							</connectionPointIn>
							<condition>
								<inline name="81">
									<ST>Barriere_Fermee</ST>
								</inline>
							</condition>
							<documentation>CB.index=36</documentation>
						</transition>
						<transition localId="82">
							<position x="904" y="3504" />
							<connectionPointIn>
								<connection refLocalId="44" />
							</connectionPointIn>
							<condition>
								<inline name="82">
									<ST>T/X59/Tempo1 s</ST>
								</inline>
							</condition>
							<documentation>CB.index=56</documentation>
						</transition>
						<transition localId="83">
							<position x="904" y="3312" />
							<connectionPointIn>
								<connection refLocalId="45" />
							</connectionPointIn>
							<condition>
								<inline name="83">
									<ST>(Position = 4) AND NivBas</ST>
								</inline>
							</condition>
							<documentation>CB.index=55</documentation>
						</transition>
						<transition localId="84">
							<position x="872" y="1480" />
							<connectionPointIn>
								<connection refLocalId="47" />
							</connectionPointIn>
							<condition>
								<inline name="84">
									<ST>T/X46/Tempo1 s</ST>
								</inline>
							</condition>
							<documentation>CB.index=44</documentation>
						</transition>
						<transition localId="85">
							<position x="872" y="1352" />
							<connectionPointIn>
								<connection refLocalId="48" />
							</connectionPointIn>
							<condition>
								<inline name="85">
									<ST>(Position = 2) AND NivBas</ST>
								</inline>
							</condition>
							<documentation>CB.index=43</documentation>
						</transition>
					</SFC>
				</body>
				<documentation>CB.Or_Divergences_Exclusivity=true
</documentation>
			</pou>
		</pous>
	</types>
	<instances>
		<configurations />
	</instances>
</project>