<?xml version="1.0" encoding="ISO-8859-1"?>
<!-- Generator: ControlBuild -->

<project xmlns="http://www.plcopen.org/xml/tc6.xsd" xmlns:xhtml="http://www.w3.org/1999/xhtml" xmlns:xsi="http://www.w3.org/2001/XMLSchema-instance" xsi:schemaLocation="http://www.plcopen.org/xml/tc6.xsd TC6_XML_V099_TNI.xsd">
	<fileHeader companyName="TNI-Software" productName="ControlBuild" productVersion="4.00" creationDateTime="2007-01-25T16:12:26-01:00" />
	<contentHeader name="gestion_priorites">
		<coordinateInfo>
			<fbd>
				<scaling x="100" y="100" />
			</fbd>
			<ld>
				<scaling x="100" y="100" />
			</ld>
			<sfc>
				<scaling x="32" y="8" />
			</sfc>
		</coordinateInfo>
	</contentHeader>
	<types>
		<dataTypes />
		<pous>
			<pou name="chaine_de_traitement.gestion_priorites" pouType="program">
				<interface>
					<inputVars>
						<variable name="Ecrire_Valeur">
							<type>
								<BOOL />
							</type>
							<initialValue>
								<simpleValue value="false" />
							</initialValue>
						</variable>
						<variable name="Lire_Valeur">
							<type>
								<BOOL />
							</type>
							<initialValue>
								<simpleValue value="false" />
							</initialValue>
						</variable>
						<variable name="Valeur_A_Ecrire">
							<type>
								<INT />
							</type>
							<initialValue>
								<simpleValue value="0" />
							</initialValue>
						</variable>
						<documentation>CB.kind=inputVars</documentation>
					</inputVars>
					<outputVars>
						<variable name="Valeur_Lue">
							<type>
								<INT />
							</type>
							<initialValue>
								<simpleValue value="-1" />
							</initialValue>
						</variable>
						<variable name="Vide">
							<type>
								<BOOL />
							</type>
							<initialValue>
								<simpleValue value="true" />
							</initialValue>
						</variable>
						<variable name="Occupee">
							<type>
								<BOOL />
							</type>
							<initialValue>
								<simpleValue value="false" />
							</initialValue>
						</variable>
						<documentation>CB.kind=outputVars</documentation>
					</outputVars>
				</interface>
				<actions>
				</actions>
				<body>
					<FBD>
						<inVariable localId="0">
							<position x="144" y="168" />
							<expression>Ecrire_Valeur</expression>
						</inVariable>
						<inVariable localId="1">
							<position x="144" y="144" />
							<expression>Lire_Valeur</expression>
						</inVariable>
						<inVariable localId="2">
							<position x="144" y="120" />
							<expression>Valeur_A_Ecrire</expression>
						</inVariable>
						<outVariable localId="3">
							<position x="904" y="144" />
							<connectionPointIn>
								<connection refLocalId="4" formalParameter="Valeur_Lue" />
							</connectionPointIn>
							<expression>Valeur_Lue</expression>
						</outVariable>
						<outVariable localId="5">
							<position x="904" y="120" />
							<connectionPointIn>
								<connection refLocalId="4" formalParameter="Vide" />
							</connectionPointIn>
							<expression>Vide</expression>
						</outVariable>
						<outVariable localId="6">
							<position x="904" y="168" />
							<connectionPointIn>
								<connection refLocalId="4" formalParameter="Occupee" />
							</connectionPointIn>
							<expression>Occupee</expression>
						</outVariable>
						<block localId="4" width="543" height="200" typeName="fg.fifo" instanceName="fifo1">
							<position x="264" y="72" />
							<inputVariables>
								<variable formalParameter="Valeur_A_Ecrire">
									<connectionPointIn>
										<connection refLocalId="2" />
									</connectionPointIn>
								</variable>
								<variable formalParameter="Lire_Valeur">
									<connectionPointIn>
										<connection refLocalId="1" />
									</connectionPointIn>
								</variable>
								<variable formalParameter="Ecrire_Valeur">
									<connectionPointIn>
										<connection refLocalId="0" />
									</connectionPointIn>
								</variable>
							</inputVariables>
							<inOutVariables>
							</inOutVariables>
							<outputVariables>
							</outputVariables>
						</block>
					</FBD>
				</body>
			</pou>
		</pous>
	</types>
	<instances>
		<configurations />
	</instances>
</project>