<?xml version="1.0" encoding="ISO-8859-1"?>
<!-- Generator: ControlBuild -->

<project xmlns="http://www.plcopen.org/xml/tc6.xsd" xmlns:xhtml="http://www.w3.org/1999/xhtml" xmlns:xsi="http://www.w3.org/2001/XMLSchema-instance" xsi:schemaLocation="http://www.plcopen.org/xml/tc6.xsd TC6_XML_V099_TNI.xsd">
	<fileHeader companyName="TNI-Software" productName="ControlBuild" productVersion="4.00" creationDateTime="2007-01-25T16:26:22-01:00" />
	<contentHeader name="fifo">
		<coordinateInfo>
			<fbd>
				<scaling x="100" y="100" />
			</fbd>
			<ld>
				<scaling x="100" y="100" />
			</ld>
			<sfc>
				<scaling x="32" y="8" />
			</sfc>
		</coordinateInfo>
	</contentHeader>
	<types>
		<dataTypes />
		<pous>
			<pou name="fg.fifo" pouType="functionBlock">
				<interface>
					<inputVars>
						<variable name="Valeur_A_Ecrire">
							<type>
								<INT />
							</type>
							<initialValue>
								<simpleValue value="0" />
							</initialValue>
						</variable>
						<variable name="Lire_Valeur">
							<type>
								<BOOL />
							</type>
							<initialValue>
								<simpleValue value="false" />
							</initialValue>
						</variable>
						<variable name="Ecrire_Valeur">
							<type>
								<BOOL />
							</type>
							<initialValue>
								<simpleValue value="false" />
							</initialValue>
						</variable>
						<documentation>CB.kind=inputVars</documentation>
					</inputVars>
					<outputVars>
						<variable name="Vide">
							<type>
								<BOOL />
							</type>
							<initialValue>
								<simpleValue value="true" />
							</initialValue>
						</variable>
						<variable name="Valeur_Lue">
							<type>
								<INT />
							</type>
							<initialValue>
								<simpleValue value="-1" />
							</initialValue>
						</variable>
						<variable name="Occupee">
							<type>
								<BOOL />
							</type>
							<initialValue>
								<simpleValue value="false" />
							</initialValue>
						</variable>
						<documentation>CB.kind=outputVars</documentation>
					</outputVars>
					<localVars>
						<variable name="tmp1">
							<type>
								<BOOL />
							</type>
							<initialValue>
								<simpleValue value="false" />
							</initialValue>
						</variable>
						<documentation>CB.kind=localVars</documentation>
					</localVars>
				</interface>
				<actions>
				</actions>
				<body>
					<ST>Vide := FALSE;
IF (Lire_Valeur AND NOT(tmp1)) THEN
	IF (Valeur_Lue = -1) THEN
		Valeur_Lue := 0;
	END_IF;
	Valeur_Lue := Valeur_Lue + 1;
	IF (Valeur_Lue = 6) THEN
		Valeur_Lue := 1;
	END_IF;
END_IF;
tmp1 := Lire_Valeur;</ST>
				</body>
			</pou>
		</pous>
	</types>
	<instances>
		<configurations />
	</instances>
</project>