<?xml version="1.0" encoding="ISO-8859-1"?>
<!-- Generator: ControlBuild -->

<project xmlns="http://www.plcopen.org/xml/tc6.xsd" xmlns:xhtml="http://www.w3.org/1999/xhtml" xmlns:xsi="http://www.w3.org/2001/XMLSchema-instance" xsi:schemaLocation="http://www.plcopen.org/xml/tc6.xsd TC6_XML_V099_TNI.xsd">
	<fileHeader companyName="TNI-Software" productName="ControlBuild" productVersion="4.00" creationDateTime="2007-01-25T16:31:39-01:00" />
	<contentHeader name="chaine_de_traitement">
		<coordinateInfo>
			<fbd>
				<scaling x="100" y="100" />
			</fbd>
			<ld>
				<scaling x="100" y="100" />
			</ld>
			<sfc>
				<scaling x="32" y="8" />
			</sfc>
		</coordinateInfo>
	</contentHeader>
	<types>
		<dataTypes />
		<pous>
			<pou name="chaine_de_traitement.chaine_de_traitement" pouType="program">
				<interface>
				</interface>
				<actions>
				</actions>
				<body>
					<FBD>
						<block localId="0" width="408" height="432" typeName="chaine_de_traitement.partie_commande" instanceName="partie_commande1">
							<position x="192" y="72" />
							<inputVariables>
								<variable formalParameter="NivBas">
									<connectionPointIn>
										<connection refLocalId="1" formalParameter="NivBas" />
									</connectionPointIn>
								</variable>
								<variable formalParameter="NivHaut">
									<connectionPointIn>
										<connection refLocalId="1" formalParameter="NivHaut" />
									</connectionPointIn>
								</variable>
								<variable formalParameter="P5">
									<connectionPointIn>
										<connection refLocalId="1" formalParameter="P5" />
									</connectionPointIn>
								</variable>
								<variable formalParameter="P4">
									<connectionPointIn>
										<connection refLocalId="1" formalParameter="P4" />
									</connectionPointIn>
								</variable>
								<variable formalParameter="P3">
									<connectionPointIn>
										<connection refLocalId="1" formalParameter="P3" />
									</connectionPointIn>
								</variable>
								<variable formalParameter="P2">
									<connectionPointIn>
										<connection refLocalId="1" formalParameter="P2" />
									</connectionPointIn>
								</variable>
								<variable formalParameter="P1">
									<connectionPointIn>
										<connection refLocalId="1" formalParameter="P1" />
									</connectionPointIn>
								</variable>
								<variable formalParameter="Barriere_Fermee">
									<connectionPointIn>
										<connection refLocalId="1" formalParameter="Barriere_Fermee" />
									</connectionPointIn>
								</variable>
								<variable formalParameter="Barriere_Ouverte">
									<connectionPointIn>
										<connection refLocalId="1" formalParameter="Barriere_Ouverte" />
									</connectionPointIn>
								</variable>
								<variable formalParameter="Piece_Detectee">
									<connectionPointIn>
										<connection refLocalId="1" formalParameter="Piece_Detectee" />
									</connectionPointIn>
								</variable>
								<variable formalParameter="Bpau">
									<connectionPointIn>
										<connection refLocalId="1" formalParameter="Bpau" />
									</connectionPointIn>
								</variable>
								<variable formalParameter="Afcy">
									<connectionPointIn>
										<connection refLocalId="1" formalParameter="Afcy" />
									</connectionPointIn>
								</variable>
								<variable formalParameter="Dcy">
									<connectionPointIn>
										<connection refLocalId="1" formalParameter="Dcy" />
									</connectionPointIn>
								</variable>
								<variable formalParameter="Demande_Charg">
									<connectionPointIn>
										<connection refLocalId="1" formalParameter="Demande_Charg" />
									</connectionPointIn>
								</variable>
								<variable formalParameter="Fin_Chargement">
									<connectionPointIn>
										<connection refLocalId="1" formalParameter="Fin_Chargement" />
									</connectionPointIn>
								</variable>
								<variable formalParameter="Demande_Decharg">
									<connectionPointIn>
										<connection refLocalId="1" formalParameter="Demande_Decharg" />
									</connectionPointIn>
								</variable>
								<variable formalParameter="Fin_Decharg">
									<connectionPointIn>
										<connection refLocalId="1" formalParameter="Fin_Decharg" />
									</connectionPointIn>
								</variable>
							</inputVariables>
							<inOutVariables>
							</inOutVariables>
							<outputVariables>
							</outputVariables>
							<documentation>CB.connectionIn=1.Retour_Operateur,Retour_Operateur,1.Retour_PO,Retour_PO</documentation>
						</block>
						<block localId="1" width="455" height="383" typeName="chaine_de_traitement.partie_operative" instanceName="partie_operative1">
							<position x="841" y="337" />
							<inputVariables>
								<variable formalParameter="Accrocher">
									<connectionPointIn>
										<connection refLocalId="0" formalParameter="Accrocher" />
									</connectionPointIn>
								</variable>
								<variable formalParameter="Monter">
									<connectionPointIn>
										<connection refLocalId="0" formalParameter="Monter" />
									</connectionPointIn>
								</variable>
								<variable formalParameter="Descendre">
									<connectionPointIn>
										<connection refLocalId="0" formalParameter="Descendre" />
									</connectionPointIn>
								</variable>
								<variable formalParameter="Marche_Arriere">
									<connectionPointIn>
										<connection refLocalId="0" formalParameter="Marche_Arriere" />
									</connectionPointIn>
								</variable>
								<variable formalParameter="Marche_Avant">
									<connectionPointIn>
										<connection refLocalId="0" formalParameter="Marche_Avant" />
									</connectionPointIn>
								</variable>
								<variable formalParameter="Fermer_Barriere">
									<connectionPointIn>
										<connection refLocalId="0" formalParameter="Fermer_Barriere" />
									</connectionPointIn>
								</variable>
								<variable formalParameter="Ouvrir_Barriere">
									<connectionPointIn>
										<connection refLocalId="0" formalParameter="Ouvrir_Barriere" />
									</connectionPointIn>
								</variable>
								<variable formalParameter="Presence_Piece0">
									<connectionPointIn>
										<connection refLocalId="0" formalParameter="Presence_Piece0" />
									</connectionPointIn>
								</variable>
								<variable formalParameter="Presence_Piece1">
									<connectionPointIn>
										<connection refLocalId="0" formalParameter="Presence_Piece1" />
									</connectionPointIn>
								</variable>
								<variable formalParameter="Presence_Piece2">
									<connectionPointIn>
										<connection refLocalId="0" formalParameter="Presence_Piece2" />
									</connectionPointIn>
								</variable>
								<variable formalParameter="Presence_Piece3">
									<connectionPointIn>
										<connection refLocalId="0" formalParameter="Presence_Piece3" />
									</connectionPointIn>
								</variable>
								<variable formalParameter="Presence_Piece4">
									<connectionPointIn>
										<connection refLocalId="0" formalParameter="Presence_Piece4" />
									</connectionPointIn>
								</variable>
							</inputVariables>
							<inOutVariables>
							</inOutVariables>
							<outputVariables>
							</outputVariables>
							<documentation>CB.connectionIn=0.Ordres_API,Ordres_API</documentation>
						</block>
					</FBD>
				</body>
			</pou>
		</pous>
	</types>
	<instances>
		<configurations />
	</instances>
</project>