<?xml version="1.0" encoding="ISO-8859-1"?>
<!-- Generator: ControlBuild -->

<MODEL_REQUIREMENTS>
	<FUNCTIONAL_TREE TYPE="mac">
		<CHILDREN>
			<NODE NAME="bain1" MODEL_PATH="Applications\chaine_de_traitement\bain">
			</NODE>
			<NODE NAME="robot1" MODEL_PATH="Applications\chaine_de_traitement\robot">
			</NODE>
			<NODE NAME="bain2" MODEL_PATH="Applications\chaine_de_traitement\bain">
			</NODE>
			<NODE NAME="barriere1" MODEL_PATH="Applications\chaine_de_traitement\barriere">
			</NODE>
			<NODE NAME="bain3" MODEL_PATH="Applications\chaine_de_traitement\bain">
			</NODE>
			<NODE NAME="bain4" MODEL_PATH="Applications\chaine_de_traitement\bain">
			</NODE>
		</CHILDREN>
	</FUNCTIONAL_TREE>
</MODEL_REQUIREMENTS>