<?xml version="1.0" encoding="ISO-8859-1"?>
<!-- Generator: ControlBuild -->

<project xmlns="http://www.plcopen.org/xml/tc6.xsd" xmlns:xhtml="http://www.w3.org/1999/xhtml" xmlns:xsi="http://www.w3.org/2001/XMLSchema-instance" xsi:schemaLocation="http://www.plcopen.org/xml/tc6.xsd TC6_XML_V099_TNI.xsd">
	<fileHeader companyName="TNI-Software" productName="ControlBuild" productVersion="4.00" creationDateTime="2007-01-25T16:31:48-01:00" />
	<contentHeader name="partie_operative">
		<coordinateInfo>
			<fbd>
				<scaling x="100" y="100" />
			</fbd>
			<ld>
				<scaling x="100" y="100" />
			</ld>
			<sfc>
				<scaling x="32" y="8" />
			</sfc>
		</coordinateInfo>
	</contentHeader>
	<types>
		<dataTypes />
		<pous>
			<pou name="chaine_de_traitement.partie_operative" pouType="program">
				<interface>
					<inputVars>
						<variable name="Accrocher">
							<type>
								<BOOL />
							</type>
							<initialValue>
								<simpleValue value="false" />
							</initialValue>
						</variable>
						<variable name="Monter">
							<type>
								<BOOL />
							</type>
							<initialValue>
								<simpleValue value="false" />
							</initialValue>
						</variable>
						<variable name="Descendre">
							<type>
								<BOOL />
							</type>
							<initialValue>
								<simpleValue value="false" />
							</initialValue>
						</variable>
						<variable name="Marche_Arriere">
							<type>
								<BOOL />
							</type>
							<initialValue>
								<simpleValue value="false" />
							</initialValue>
						</variable>
						<variable name="Marche_Avant">
							<type>
								<BOOL />
							</type>
							<initialValue>
								<simpleValue value="false" />
							</initialValue>
						</variable>
						<variable name="Fermer_Barriere">
							<type>
								<BOOL />
							</type>
							<initialValue>
								<simpleValue value="false" />
							</initialValue>
						</variable>
						<variable name="Ouvrir_Barriere">
							<type>
								<BOOL />
							</type>
							<initialValue>
								<simpleValue value="false" />
							</initialValue>
						</variable>
						<variable name="Presence_Piece0">
							<type>
								<BOOL />
							</type>
							<initialValue>
								<simpleValue value="false" />
							</initialValue>
						</variable>
						<variable name="Presence_Piece1">
							<type>
								<BOOL />
							</type>
							<initialValue>
								<simpleValue value="false" />
							</initialValue>
						</variable>
						<variable name="Presence_Piece2">
							<type>
								<BOOL />
							</type>
							<initialValue>
								<simpleValue value="false" />
							</initialValue>
						</variable>
						<variable name="Presence_Piece3">
							<type>
								<BOOL />
							</type>
							<initialValue>
								<simpleValue value="false" />
							</initialValue>
						</variable>
						<variable name="Presence_Piece4">
							<type>
								<BOOL />
							</type>
							<initialValue>
								<simpleValue value="false" />
							</initialValue>
						</variable>
						<documentation>CB.group=Ordres_API
CB.kind=inputVars</documentation>
					</inputVars>
					<outputVars>
						<variable name="NivBas">
							<type>
								<BOOL />
							</type>
							<initialValue>
								<simpleValue value="false" />
							</initialValue>
						</variable>
						<variable name="NivHaut">
							<type>
								<BOOL />
							</type>
							<initialValue>
								<simpleValue value="false" />
							</initialValue>
						</variable>
						<variable name="P5">
							<type>
								<BOOL />
							</type>
							<initialValue>
								<simpleValue value="false" />
							</initialValue>
						</variable>
						<variable name="P4">
							<type>
								<BOOL />
							</type>
							<initialValue>
								<simpleValue value="false" />
							</initialValue>
						</variable>
						<variable name="P3">
							<type>
								<BOOL />
							</type>
							<initialValue>
								<simpleValue value="false" />
							</initialValue>
						</variable>
						<variable name="P2">
							<type>
								<BOOL />
							</type>
							<initialValue>
								<simpleValue value="false" />
							</initialValue>
						</variable>
						<variable name="P1">
							<type>
								<BOOL />
							</type>
							<initialValue>
								<simpleValue value="false" />
							</initialValue>
						</variable>
						<variable name="Barriere_Fermee">
							<type>
								<BOOL />
							</type>
							<initialValue>
								<simpleValue value="false" />
							</initialValue>
						</variable>
						<variable name="Barriere_Ouverte">
							<type>
								<BOOL />
							</type>
							<initialValue>
								<simpleValue value="false" />
							</initialValue>
						</variable>
						<variable name="Piece_Detectee">
							<type>
								<BOOL />
							</type>
							<initialValue>
								<simpleValue value="false" />
							</initialValue>
						</variable>
						<documentation>CB.group=Retour_PO
CB.kind=outputVars</documentation>
					</outputVars>
					<outputVars>
						<variable name="Bpau">
							<type>
								<BOOL />
							</type>
							<initialValue>
								<simpleValue value="false" />
							</initialValue>
						</variable>
						<variable name="Afcy">
							<type>
								<BOOL />
							</type>
							<initialValue>
								<simpleValue value="false" />
							</initialValue>
						</variable>
						<variable name="Dcy">
							<type>
								<BOOL />
							</type>
							<initialValue>
								<simpleValue value="false" />
							</initialValue>
						</variable>
						<variable name="Demande_Charg">
							<type>
								<BOOL />
							</type>
							<initialValue>
								<simpleValue value="false" />
							</initialValue>
						</variable>
						<variable name="Fin_Chargement">
							<type>
								<BOOL />
							</type>
							<initialValue>
								<simpleValue value="false" />
							</initialValue>
						</variable>
						<variable name="Demande_Decharg">
							<type>
								<BOOL />
							</type>
							<initialValue>
								<simpleValue value="false" />
							</initialValue>
						</variable>
						<variable name="Fin_Decharg">
							<type>
								<BOOL />
							</type>
							<initialValue>
								<simpleValue value="false" />
							</initialValue>
						</variable>
						<documentation>CB.group=Retour_Operateur
CB.kind=outputVars</documentation>
					</outputVars>
				</interface>
				<actions>
				</actions>
				<body>
					<FBD>
						<inVariable localId="0">
							<position x="152" y="144" />
							<expression>Accrocher</expression>
							<documentation>CB.group=Ordres_API</documentation>
						</inVariable>
						<inVariable localId="1">
							<position x="152" y="168" />
							<expression>Monter</expression>
							<documentation>CB.group=Ordres_API</documentation>
						</inVariable>
						<inVariable localId="2">
							<position x="152" y="192" />
							<expression>Descendre</expression>
							<documentation>CB.group=Ordres_API</documentation>
						</inVariable>
						<inVariable localId="3">
							<position x="152" y="216" />
							<expression>Marche_Arriere</expression>
							<documentation>CB.group=Ordres_API</documentation>
						</inVariable>
						<inVariable localId="4">
							<position x="152" y="240" />
							<expression>Marche_Avant</expression>
							<documentation>CB.group=Ordres_API</documentation>
						</inVariable>
						<inVariable localId="5">
							<position x="152" y="264" />
							<expression>Fermer_Barriere</expression>
							<documentation>CB.group=Ordres_API</documentation>
						</inVariable>
						<inVariable localId="6">
							<position x="152" y="288" />
							<expression>Ouvrir_Barriere</expression>
							<documentation>CB.group=Ordres_API</documentation>
						</inVariable>
						<inVariable localId="7">
							<position x="152" y="312" />
							<expression>Presence_Piece0</expression>
							<documentation>CB.group=Ordres_API</documentation>
						</inVariable>
						<inVariable localId="8">
							<position x="152" y="336" />
							<expression>Presence_Piece1</expression>
							<documentation>CB.group=Ordres_API</documentation>
						</inVariable>
						<inVariable localId="9">
							<position x="152" y="360" />
							<expression>Presence_Piece2</expression>
							<documentation>CB.group=Ordres_API</documentation>
						</inVariable>
						<inVariable localId="10">
							<position x="152" y="384" />
							<expression>Presence_Piece3</expression>
							<documentation>CB.group=Ordres_API</documentation>
						</inVariable>
						<inVariable localId="11">
							<position x="152" y="408" />
							<expression>Presence_Piece4</expression>
							<documentation>CB.group=Ordres_API</documentation>
						</inVariable>
						<outVariable localId="12">
							<position x="1296" y="144" />
							<connectionPointIn>
								<connection refLocalId="13" formalParameter="NivBas" />
							</connectionPointIn>
							<expression>NivBas</expression>
							<documentation>CB.group=Retour_PO</documentation>
						</outVariable>
						<outVariable localId="14">
							<position x="1296" y="144" />
							<connectionPointIn>
								<connection refLocalId="13" formalParameter="NivHaut" />
							</connectionPointIn>
							<expression>NivHaut</expression>
							<documentation>CB.group=Retour_PO</documentation>
						</outVariable>
						<outVariable localId="15">
							<position x="1296" y="144" />
							<connectionPointIn>
								<connection refLocalId="13" formalParameter="P5" />
							</connectionPointIn>
							<expression>P5</expression>
							<documentation>CB.group=Retour_PO</documentation>
						</outVariable>
						<outVariable localId="16">
							<position x="1296" y="144" />
							<connectionPointIn>
								<connection refLocalId="13" formalParameter="P4" />
							</connectionPointIn>
							<expression>P4</expression>
							<documentation>CB.group=Retour_PO</documentation>
						</outVariable>
						<outVariable localId="17">
							<position x="1296" y="144" />
							<connectionPointIn>
								<connection refLocalId="13" formalParameter="P3" />
							</connectionPointIn>
							<expression>P3</expression>
							<documentation>CB.group=Retour_PO</documentation>
						</outVariable>
						<outVariable localId="18">
							<position x="1296" y="144" />
							<connectionPointIn>
								<connection refLocalId="13" formalParameter="P2" />
							</connectionPointIn>
							<expression>P2</expression>
							<documentation>CB.group=Retour_PO</documentation>
						</outVariable>
						<outVariable localId="19">
							<position x="1296" y="144" />
							<connectionPointIn>
								<connection refLocalId="13" formalParameter="P1" />
							</connectionPointIn>
							<expression>P1</expression>
							<documentation>CB.group=Retour_PO</documentation>
						</outVariable>
						<outVariable localId="20">
							<position x="1296" y="144" />
							<connectionPointIn>
								<connection refLocalId="21" formalParameter="Barriere_Fermee" />
							</connectionPointIn>
							<expression>Barriere_Fermee</expression>
							<documentation>CB.group=Retour_PO</documentation>
						</outVariable>
						<outVariable localId="22">
							<position x="1296" y="144" />
							<connectionPointIn>
								<connection refLocalId="21" formalParameter="Barriere_Ouverte" />
							</connectionPointIn>
							<expression>Barriere_Ouverte</expression>
							<documentation>CB.group=Retour_PO</documentation>
						</outVariable>
						<outVariable localId="23">
							<position x="1296" y="144" />
							<connectionPointIn>
								<connection refLocalId="21" formalParameter="Piece_Detectee" />
							</connectionPointIn>
							<expression>Piece_Detectee</expression>
							<documentation>CB.group=Retour_PO</documentation>
						</outVariable>
						<outVariable localId="24">
							<position x="1248" y="432" />
							<expression>Bpau</expression>
							<documentation>CB.group=Retour_Operateur</documentation>
						</outVariable>
						<outVariable localId="25">
							<position x="1248" y="432" />
							<expression>Afcy</expression>
							<documentation>CB.group=Retour_Operateur</documentation>
						</outVariable>
						<outVariable localId="26">
							<position x="1248" y="432" />
							<expression>Dcy</expression>
							<documentation>CB.group=Retour_Operateur</documentation>
						</outVariable>
						<outVariable localId="27">
							<position x="1248" y="432" />
							<expression>Demande_Charg</expression>
							<documentation>CB.group=Retour_Operateur</documentation>
						</outVariable>
						<outVariable localId="28">
							<position x="1248" y="432" />
							<expression>Fin_Chargement</expression>
							<documentation>CB.group=Retour_Operateur</documentation>
						</outVariable>
						<outVariable localId="29">
							<position x="1248" y="432" />
							<expression>Demande_Decharg</expression>
							<documentation>CB.group=Retour_Operateur</documentation>
						</outVariable>
						<outVariable localId="30">
							<position x="1248" y="432" />
							<expression>Fin_Decharg</expression>
							<documentation>CB.group=Retour_Operateur</documentation>
						</outVariable>
						<block localId="31" width="216" height="72" typeName="chaine_de_traitement.bain" instanceName="bain1">
							<position x="312" y="336" />
							<inputVariables>
								<variable formalParameter="Presence_Piece">
									<connectionPointIn>
										<connection refLocalId="8" />
									</connectionPointIn>
								</variable>
							</inputVariables>
							<inOutVariables>
							</inOutVariables>
							<outputVariables>
							</outputVariables>
						</block>
						<block localId="13" width="336" height="216" typeName="chaine_de_traitement.robot" instanceName="robot1">
							<position x="353" y="0" />
							<inputVariables>
								<variable formalParameter="Accrocher">
									<connectionPointIn>
										<connection refLocalId="0" />
									</connectionPointIn>
								</variable>
								<variable formalParameter="Monter">
									<connectionPointIn>
										<connection refLocalId="1" />
									</connectionPointIn>
								</variable>
								<variable formalParameter="Descendre">
									<connectionPointIn>
										<connection refLocalId="2" />
									</connectionPointIn>
								</variable>
								<variable formalParameter="Marche_Arriere">
									<connectionPointIn>
										<connection refLocalId="3" />
									</connectionPointIn>
								</variable>
								<variable formalParameter="Marche_Avant">
									<connectionPointIn>
										<connection refLocalId="4" />
									</connectionPointIn>
								</variable>
							</inputVariables>
							<inOutVariables>
							</inOutVariables>
							<outputVariables>
							</outputVariables>
						</block>
						<block localId="32" width="216" height="72" typeName="chaine_de_traitement.bain" instanceName="bain2">
							<position x="552" y="384" />
							<inputVariables>
								<variable formalParameter="Presence_Piece">
									<connectionPointIn>
										<connection refLocalId="9" />
									</connectionPointIn>
								</variable>
							</inputVariables>
							<inOutVariables>
							</inOutVariables>
							<outputVariables>
							</outputVariables>
						</block>
						<block localId="21" width="336" height="120" typeName="chaine_de_traitement.barriere" instanceName="barriere1">
							<position x="768" y="216" />
							<inputVariables>
								<variable formalParameter="Fermer_Barriere">
									<connectionPointIn>
										<connection refLocalId="5" />
									</connectionPointIn>
								</variable>
								<variable formalParameter="Ouvrir_Barriere">
									<connectionPointIn>
										<connection refLocalId="6" />
									</connectionPointIn>
								</variable>
								<variable formalParameter="Presence_Piece">
									<connectionPointIn>
										<connection refLocalId="7" />
									</connectionPointIn>
								</variable>
							</inputVariables>
							<inOutVariables>
							</inOutVariables>
							<outputVariables>
							</outputVariables>
						</block>
						<block localId="33" width="216" height="72" typeName="chaine_de_traitement.bain" instanceName="bain3">
							<position x="792" y="432" />
							<inputVariables>
								<variable formalParameter="Presence_Piece">
									<connectionPointIn>
										<connection refLocalId="10" />
									</connectionPointIn>
								</variable>
							</inputVariables>
							<inOutVariables>
							</inOutVariables>
							<outputVariables>
							</outputVariables>
						</block>
						<block localId="34" width="216" height="72" typeName="chaine_de_traitement.bain" instanceName="bain4">
							<position x="1032" y="480" />
							<inputVariables>
								<variable formalParameter="Presence_Piece">
									<connectionPointIn>
										<connection refLocalId="11" />
									</connectionPointIn>
								</variable>
							</inputVariables>
							<inOutVariables>
							</inOutVariables>
							<outputVariables>
							</outputVariables>
						</block>
					</FBD>
				</body>
			</pou>
		</pous>
	</types>
	<instances>
		<configurations />
	</instances>
</project>