<?xml version="1.0" encoding="ISO-8859-1"?>
<!-- Generator: ControlBuild -->

<project xmlns="http://www.plcopen.org/xml/tc6.xsd" xmlns:xhtml="http://www.w3.org/1999/xhtml" xmlns:xsi="http://www.w3.org/2001/XMLSchema-instance" xsi:schemaLocation="http://www.plcopen.org/xml/tc6.xsd TC6_XML_V099_TNI.xsd">
	<fileHeader companyName="TNI-Software" productName="ControlBuild" productVersion="4.00" creationDateTime="2007-01-18T11:25:27-01:00" />
	<contentHeader name="gemma">
		<coordinateInfo>
			<fbd>
				<scaling x="100" y="100" />
			</fbd>
			<ld>
				<scaling x="100" y="100" />
			</ld>
			<sfc>
				<scaling x="32" y="8" />
			</sfc>
		</coordinateInfo>
	</contentHeader>
	<types>
		<dataTypes />
		<pous>
			<pou name="chaine_de_traitement.gemma" pouType="functionBlock">
				<interface>
					<inputVars>
						<variable name="BPAU">
							<type>
								<BOOL />
							</type>
							<initialValue>
								<simpleValue value="false" />
							</initialValue>
						</variable>
						<variable name="Afcy">
							<type>
								<BOOL />
							</type>
							<initialValue>
								<simpleValue value="false" />
							</initialValue>
						</variable>
						<variable name="Dcy">
							<type>
								<BOOL />
							</type>
							<initialValue>
								<simpleValue value="false" />
							</initialValue>
						</variable>
						<variable name="Cycle_Prod_Fini">
							<type>
								<BOOL />
							</type>
							<initialValue>
								<simpleValue value="false" />
							</initialValue>
						</variable>
						<variable name="Cond_Init">
							<type>
								<BOOL />
							</type>
							<initialValue>
								<simpleValue value="false" />
							</initialValue>
						</variable>
						<documentation>CB.kind=inputVars</documentation>
					</inputVars>
					<outputVars>
						<variable name="Lancer_Tuer_Robot">
							<type>
								<BOOL />
							</type>
							<initialValue>
								<simpleValue value="false" />
							</initialValue>
						</variable>
						<variable name="Lancer_Tuer_Prod">
							<type>
								<BOOL />
							</type>
							<initialValue>
								<simpleValue value="false" />
							</initialValue>
						</variable>
						<variable name="Afcy_Demande">
							<type>
								<BOOL />
							</type>
							<initialValue>
								<simpleValue value="false" />
							</initialValue>
						</variable>
						<documentation>CB.kind=outputVars</documentation>
					</outputVars>
					<localVars>
						<variable name="tmp2">
							<type>
								<BOOL />
							</type>
							<initialValue>
								<simpleValue value="false" />
							</initialValue>
						</variable>
						<variable name="tmp1">
							<type>
								<BOOL />
							</type>
							<initialValue>
								<simpleValue value="false" />
							</initialValue>
						</variable>
						<documentation>CB.kind=localVars</documentation>
					</localVars>
				</interface>
				<actions>
				</actions>
				<body>
					<SFC>
						<label localId="0" label="G1">
							<position x="0" y="0" />
						</label>
						<actionBlock localId="7" width="248" height="64">
							<position x="344" y="72" />
							<connectionPointIn>
								<connection refLocalId="1" />
							</connectionPointIn>
							<action>
								<inline>
									<ST>Lancer_Tuer_Robot:=FALSE;
Lancer_Tuer_Prod:=FALSE;</ST>
								</inline>
							</action>
						</actionBlock>
						<step name="10" localId="1" initialStep="true">
							<position x="264" y="72" />
							<connectionPointIn>
								<connection refLocalId="4" />
							</connectionPointIn>
						</step>
						<actionBlock localId="8" width="128" height="64">
							<position x="344" y="320" />
							<connectionPointIn>
								<connection refLocalId="2" />
							</connectionPointIn>
							<action>
								<inline>
									<ST>Afcy_Demande;</ST>
								</inline>
							</action>
						</actionBlock>
						<step name="12" localId="2">
							<position x="264" y="320" />
							<connectionPointIn>
								<connection refLocalId="5" />
							</connectionPointIn>
						</step>
						<actionBlock localId="9" width="256" height="64">
							<position x="344" y="192" />
							<connectionPointIn>
								<connection refLocalId="3" />
							</connectionPointIn>
							<action>
								<inline>
									<ST>Lancer_Tuer_Robot:=TRUE;
Lancer_Tuer_Prod:=TRUE;</ST>
								</inline>
							</action>
						</actionBlock>
						<step name="11" localId="3">
							<position x="264" y="192" />
							<connectionPointIn>
								<connection refLocalId="6" />
							</connectionPointIn>
						</step>
						<transition localId="4">
							<position x="280" y="424" />
							<connectionPointIn>
								<connection refLocalId="2" />
							</connectionPointIn>
							<condition>
								<inline name="4">
									<ST>Cycle_Prod_Fini</ST>
								</inline>
							</condition>
							<documentation>CB.index=12</documentation>
						</transition>
						<transition localId="5">
							<position x="280" y="296" />
							<connectionPointIn>
								<connection refLocalId="3" />
							</connectionPointIn>
							<condition>
								<inline name="5">
									<ST>Afcy</ST>
								</inline>
							</condition>
							<documentation>CB.index=11</documentation>
						</transition>
						<transition localId="6">
							<position x="280" y="168" />
							<connectionPointIn>
								<connection refLocalId="1" />
							</connectionPointIn>
							<condition>
								<inline name="6">
									<ST>Dcy AND Cond_Init</ST>
								</inline>
							</condition>
							<documentation>CB.index=10</documentation>
						</transition>
						<label localId="10" label="G2">
							<position x="0" y="0" />
						</label>
						<actionBlock localId="15" width="248" height="88">
							<position x="792" y="296" />
							<connectionPointIn>
								<connection refLocalId="11" />
							</connectionPointIn>
							<action>
								<inline>
									<ST>if (NOT(tmp1)) THEN
	F/G1:();
	tmp1 := TRUE;
END_IF;
tmp2:= FALSE;
Lancer_Tuer_Robot:=FALSE;
Lancer_Tuer_Prod:=FALSE;</ST>
								</inline>
							</action>
						</actionBlock>
						<step name="20" localId="11" initialStep="true">
							<position x="712" y="296" />
							<connectionPointIn>
								<connection refLocalId="13" />
							</connectionPointIn>
						</step>
						<actionBlock localId="16" width="240" height="88">
							<position x="792" y="440" />
							<connectionPointIn>
								<connection refLocalId="12" />
							</connectionPointIn>
							<action>
								<inline>
									<ST>IF (NOT(tmp2)) THEN
	F/G1:(Init);
	tmp2:=TRUE;
END_IF;
tmp1:=FALSE;</ST>
								</inline>
							</action>
						</actionBlock>
						<step name="21" localId="12">
							<position x="712" y="440" />
							<connectionPointIn>
								<connection refLocalId="14" />
							</connectionPointIn>
						</step>
						<transition localId="13">
							<position x="728" y="546" />
							<connectionPointIn>
								<connection refLocalId="12" />
							</connectionPointIn>
							<condition>
								<inline name="13">
									<ST>BPAU
</ST>
								</inline>
							</condition>
							<documentation>CB.index=21</documentation>
						</transition>
						<transition localId="14">
							<position x="728" y="408" />
							<connectionPointIn>
								<connection refLocalId="11" />
							</connectionPointIn>
							<condition>
								<inline name="14">
									<ST>NOT(BPAU)</ST>
								</inline>
							</condition>
							<documentation>CB.index=20</documentation>
						</transition>
					</SFC>
				</body>
				<documentation>CB.Or_Divergences_Exclusivity=true
</documentation>
			</pou>
		</pous>
	</types>
	<instances>
		<configurations />
	</instances>
</project>