<?xml version="1.0" encoding="ISO-8859-1"?>
<!-- Generator: ControlBuild -->

<MODEL_REQUIREMENTS>
	<FUNCTIONAL_TREE TYPE="mac">
		<CHILDREN>
			<NODE NAME="verif_conditions_initiales1" MODEL_PATH="Applications\chaine_de_traitement\verif_conditions_initiales">
			</NODE>
			<NODE NAME="capteur_position1" MODEL_PATH="Applications\chaine_de_traitement\capteur_position">
			</NODE>
			<NODE NAME="gemma1" MODEL_PATH="Applications\chaine_de_traitement\gemma">
			</NODE>
			<NODE NAME="prod1" MODEL_PATH="Applications\chaine_de_traitement\prod">
			</NODE>
			<NODE NAME="cmd_robot1" MODEL_PATH="Applications\chaine_de_traitement\cmd_robot">
			</NODE>
			<NODE NAME="gestion_priorites1" MODEL_PATH="Applications\chaine_de_traitement\gestion_priorites">
			</NODE>
		</CHILDREN>
	</FUNCTIONAL_TREE>
</MODEL_REQUIREMENTS>