<?xml version="1.0" encoding="ISO-8859-1"?>
<!-- Generator: ControlBuild -->

<project xmlns="http://www.plcopen.org/xml/tc6.xsd" xmlns:xhtml="http://www.w3.org/1999/xhtml" xmlns:xsi="http://www.w3.org/2001/XMLSchema-instance" xsi:schemaLocation="http://www.plcopen.org/xml/tc6.xsd TC6_XML_V099_TNI.xsd">
	<fileHeader companyName="TNI-Software" productName="ControlBuild" productVersion="4.00" creationDateTime="2007-01-25T16:12:01-01:00" />
	<contentHeader name="partie_commande">
		<coordinateInfo>
			<fbd>
				<scaling x="100" y="100" />
			</fbd>
			<ld>
				<scaling x="100" y="100" />
			</ld>
			<sfc>
				<scaling x="32" y="8" />
			</sfc>
		</coordinateInfo>
	</contentHeader>
	<types>
		<dataTypes />
		<pous>
			<pou name="chaine_de_traitement.partie_commande" pouType="program">
				<interface>
					<inputVars>
						<variable name="NivBas">
							<type>
								<BOOL />
							</type>
							<initialValue>
								<simpleValue value="false" />
							</initialValue>
						</variable>
						<variable name="NivHaut">
							<type>
								<BOOL />
							</type>
							<initialValue>
								<simpleValue value="false" />
							</initialValue>
						</variable>
						<variable name="P5">
							<type>
								<BOOL />
							</type>
							<initialValue>
								<simpleValue value="false" />
							</initialValue>
						</variable>
						<variable name="P4">
							<type>
								<BOOL />
							</type>
							<initialValue>
								<simpleValue value="false" />
							</initialValue>
						</variable>
						<variable name="P3">
							<type>
								<BOOL />
							</type>
							<initialValue>
								<simpleValue value="false" />
							</initialValue>
						</variable>
						<variable name="P2">
							<type>
								<BOOL />
							</type>
							<initialValue>
								<simpleValue value="false" />
							</initialValue>
						</variable>
						<variable name="P1">
							<type>
								<BOOL />
							</type>
							<initialValue>
								<simpleValue value="false" />
							</initialValue>
						</variable>
						<variable name="Barriere_Fermee">
							<type>
								<BOOL />
							</type>
							<initialValue>
								<simpleValue value="false" />
							</initialValue>
						</variable>
						<variable name="Barriere_Ouverte">
							<type>
								<BOOL />
							</type>
							<initialValue>
								<simpleValue value="false" />
							</initialValue>
						</variable>
						<variable name="Piece_Detectee">
							<type>
								<BOOL />
							</type>
							<initialValue>
								<simpleValue value="false" />
							</initialValue>
						</variable>
						<documentation>CB.group=Retour_PO
CB.kind=inputVars</documentation>
					</inputVars>
					<inputVars>
						<variable name="Bpau">
							<type>
								<BOOL />
							</type>
							<initialValue>
								<simpleValue value="false" />
							</initialValue>
						</variable>
						<variable name="Afcy">
							<type>
								<BOOL />
							</type>
							<initialValue>
								<simpleValue value="false" />
							</initialValue>
						</variable>
						<variable name="Dcy">
							<type>
								<BOOL />
							</type>
							<initialValue>
								<simpleValue value="false" />
							</initialValue>
						</variable>
						<variable name="Demande_Charg">
							<type>
								<BOOL />
							</type>
							<initialValue>
								<simpleValue value="false" />
							</initialValue>
						</variable>
						<variable name="Fin_Chargement">
							<type>
								<BOOL />
							</type>
							<initialValue>
								<simpleValue value="false" />
							</initialValue>
						</variable>
						<variable name="Demande_Decharg">
							<type>
								<BOOL />
							</type>
							<initialValue>
								<simpleValue value="false" />
							</initialValue>
						</variable>
						<variable name="Fin_Decharg">
							<type>
								<BOOL />
							</type>
							<initialValue>
								<simpleValue value="false" />
							</initialValue>
						</variable>
						<documentation>CB.group=Retour_Operateur
CB.kind=inputVars</documentation>
					</inputVars>
					<outputVars>
						<variable name="Accrocher">
							<type>
								<BOOL />
							</type>
							<initialValue>
								<simpleValue value="false" />
							</initialValue>
						</variable>
						<variable name="Monter">
							<type>
								<BOOL />
							</type>
							<initialValue>
								<simpleValue value="false" />
							</initialValue>
						</variable>
						<variable name="Descendre">
							<type>
								<BOOL />
							</type>
							<initialValue>
								<simpleValue value="false" />
							</initialValue>
						</variable>
						<variable name="Marche_Arriere">
							<type>
								<BOOL />
							</type>
							<initialValue>
								<simpleValue value="false" />
							</initialValue>
						</variable>
						<variable name="Marche_Avant">
							<type>
								<BOOL />
							</type>
							<initialValue>
								<simpleValue value="false" />
							</initialValue>
						</variable>
						<variable name="Fermer_Barriere">
							<type>
								<BOOL />
							</type>
							<initialValue>
								<simpleValue value="false" />
							</initialValue>
						</variable>
						<variable name="Ouvrir_Barriere">
							<type>
								<BOOL />
							</type>
							<initialValue>
								<simpleValue value="false" />
							</initialValue>
						</variable>
						<variable name="Presence_Piece0">
							<type>
								<BOOL />
							</type>
							<initialValue>
								<simpleValue value="false" />
							</initialValue>
						</variable>
						<variable name="Presence_Piece1">
							<type>
								<BOOL />
							</type>
							<initialValue>
								<simpleValue value="false" />
							</initialValue>
						</variable>
						<variable name="Presence_Piece2">
							<type>
								<BOOL />
							</type>
							<initialValue>
								<simpleValue value="false" />
							</initialValue>
						</variable>
						<variable name="Presence_Piece3">
							<type>
								<BOOL />
							</type>
							<initialValue>
								<simpleValue value="false" />
							</initialValue>
						</variable>
						<variable name="Presence_Piece4">
							<type>
								<BOOL />
							</type>
							<initialValue>
								<simpleValue value="false" />
							</initialValue>
						</variable>
						<documentation>CB.group=Ordres_API
CB.kind=outputVars</documentation>
					</outputVars>
				</interface>
				<actions>
				</actions>
				<body>
					<FBD>
						<inVariable localId="0">
							<position x="137" y="72" />
							<expression>NivBas</expression>
							<documentation>CB.group=Retour_PO</documentation>
						</inVariable>
						<inVariable localId="1">
							<position x="137" y="96" />
							<expression>NivHaut</expression>
							<documentation>CB.group=Retour_PO</documentation>
						</inVariable>
						<inVariable localId="2">
							<position x="137" y="120" />
							<expression>P5</expression>
							<documentation>CB.group=Retour_PO</documentation>
						</inVariable>
						<inVariable localId="3">
							<position x="137" y="144" />
							<expression>P4</expression>
							<documentation>CB.group=Retour_PO</documentation>
						</inVariable>
						<inVariable localId="4">
							<position x="137" y="168" />
							<expression>P3</expression>
							<documentation>CB.group=Retour_PO</documentation>
						</inVariable>
						<inVariable localId="5">
							<position x="137" y="192" />
							<expression>P2</expression>
							<documentation>CB.group=Retour_PO</documentation>
						</inVariable>
						<inVariable localId="6">
							<position x="137" y="216" />
							<expression>P1</expression>
							<documentation>CB.group=Retour_PO</documentation>
						</inVariable>
						<inVariable localId="7">
							<position x="137" y="240" />
							<expression>Barriere_Fermee</expression>
							<documentation>CB.group=Retour_PO</documentation>
						</inVariable>
						<inVariable localId="8">
							<position x="137" y="264" />
							<expression>Barriere_Ouverte</expression>
							<documentation>CB.group=Retour_PO</documentation>
						</inVariable>
						<inVariable localId="9">
							<position x="137" y="288" />
							<expression>Piece_Detectee</expression>
							<documentation>CB.group=Retour_PO</documentation>
						</inVariable>
						<inVariable localId="10">
							<position x="161" y="720" />
							<expression>Bpau</expression>
							<documentation>CB.group=Retour_Operateur</documentation>
						</inVariable>
						<inVariable localId="11">
							<position x="161" y="744" />
							<expression>Afcy</expression>
							<documentation>CB.group=Retour_Operateur</documentation>
						</inVariable>
						<inVariable localId="12">
							<position x="161" y="768" />
							<expression>Dcy</expression>
							<documentation>CB.group=Retour_Operateur</documentation>
						</inVariable>
						<inVariable localId="13">
							<position x="161" y="792" />
							<expression>Demande_Charg</expression>
							<documentation>CB.group=Retour_Operateur</documentation>
						</inVariable>
						<inVariable localId="14">
							<position x="161" y="816" />
							<expression>Fin_Chargement</expression>
							<documentation>CB.group=Retour_Operateur</documentation>
						</inVariable>
						<inVariable localId="15">
							<position x="161" y="840" />
							<expression>Demande_Decharg</expression>
							<documentation>CB.group=Retour_Operateur</documentation>
						</inVariable>
						<inVariable localId="16">
							<position x="161" y="864" />
							<expression>Fin_Decharg</expression>
							<documentation>CB.group=Retour_Operateur</documentation>
						</inVariable>
						<outVariable localId="17">
							<position x="1657" y="912" />
							<connectionPointIn>
								<connection refLocalId="18" formalParameter="Prendre" />
							</connectionPointIn>
							<expression>Accrocher</expression>
							<documentation>CB.group=Ordres_API</documentation>
						</outVariable>
						<outVariable localId="19">
							<position x="1657" y="936" />
							<connectionPointIn>
								<connection refLocalId="18" formalParameter="Monter" />
							</connectionPointIn>
							<expression>Monter</expression>
							<documentation>CB.group=Ordres_API</documentation>
						</outVariable>
						<outVariable localId="20">
							<position x="1657" y="960" />
							<connectionPointIn>
								<connection refLocalId="18" formalParameter="Descendre" />
							</connectionPointIn>
							<expression>Descendre</expression>
							<documentation>CB.group=Ordres_API</documentation>
						</outVariable>
						<outVariable localId="21">
							<position x="1657" y="984" />
							<connectionPointIn>
								<connection refLocalId="18" formalParameter="Marche_Arriere" />
							</connectionPointIn>
							<expression>Marche_Arriere</expression>
							<documentation>CB.group=Ordres_API</documentation>
						</outVariable>
						<outVariable localId="22">
							<position x="1657" y="1008" />
							<connectionPointIn>
								<connection refLocalId="18" formalParameter="Marche_Avant" />
							</connectionPointIn>
							<expression>Marche_Avant</expression>
							<documentation>CB.group=Ordres_API</documentation>
						</outVariable>
						<outVariable localId="23">
							<position x="1657" y="1032" />
							<connectionPointIn>
								<connection refLocalId="24" formalParameter="Fermer_Barriere" />
							</connectionPointIn>
							<expression>Fermer_Barriere</expression>
							<documentation>CB.group=Ordres_API</documentation>
						</outVariable>
						<outVariable localId="25">
							<position x="1657" y="1056" />
							<connectionPointIn>
								<connection refLocalId="24" formalParameter="Ouvrir_Barriere" />
							</connectionPointIn>
							<expression>Ouvrir_Barriere</expression>
							<documentation>CB.group=Ordres_API</documentation>
						</outVariable>
						<outVariable localId="26">
							<position x="1657" y="1080" />
							<connectionPointIn>
								<connection refLocalId="24" formalParameter="PP1" />
							</connectionPointIn>
							<expression>Presence_Piece0</expression>
							<documentation>CB.group=Ordres_API</documentation>
						</outVariable>
						<outVariable localId="27">
							<position x="1657" y="1104" />
							<connectionPointIn>
								<connection refLocalId="24" formalParameter="PP2" />
							</connectionPointIn>
							<expression>Presence_Piece1</expression>
							<documentation>CB.group=Ordres_API</documentation>
						</outVariable>
						<outVariable localId="28">
							<position x="1657" y="1128" />
							<connectionPointIn>
								<connection refLocalId="24" formalParameter="PP3" />
							</connectionPointIn>
							<expression>Presence_Piece2</expression>
							<documentation>CB.group=Ordres_API</documentation>
						</outVariable>
						<outVariable localId="29">
							<position x="1657" y="1152" />
							<connectionPointIn>
								<connection refLocalId="24" formalParameter="PP4" />
							</connectionPointIn>
							<expression>Presence_Piece3</expression>
							<documentation>CB.group=Ordres_API</documentation>
						</outVariable>
						<outVariable localId="30">
							<position x="1657" y="1176" />
							<connectionPointIn>
								<connection refLocalId="24" formalParameter="PP5" />
							</connectionPointIn>
							<expression>Presence_Piece4</expression>
							<documentation>CB.group=Ordres_API</documentation>
						</outVariable>
						<block localId="31" width="408" height="240" typeName="chaine_de_traitement.verif_conditions_initiales" instanceName="verif_conditions_initiales1">
							<position x="513" y="0" />
							<inputVariables>
								<variable formalParameter="NivHaut">
									<connectionPointIn>
										<connection refLocalId="1" />
									</connectionPointIn>
								</variable>
								<variable formalParameter="P1">
									<connectionPointIn>
										<connection refLocalId="6" />
									</connectionPointIn>
								</variable>
							</inputVariables>
							<inOutVariables>
							</inOutVariables>
							<outputVariables>
							</outputVariables>
						</block>
						<block localId="32" width="288" height="168" typeName="chaine_de_traitement.capteur_position" instanceName="capteur_position1">
							<position x="345" y="312" />
							<inputVariables>
								<variable formalParameter="P5">
									<connectionPointIn>
										<connection refLocalId="2" />
									</connectionPointIn>
								</variable>
								<variable formalParameter="P4">
									<connectionPointIn>
										<connection refLocalId="3" />
									</connectionPointIn>
								</variable>
								<variable formalParameter="P3">
									<connectionPointIn>
										<connection refLocalId="4" />
									</connectionPointIn>
								</variable>
								<variable formalParameter="P2">
									<connectionPointIn>
										<connection refLocalId="5" />
									</connectionPointIn>
								</variable>
								<variable formalParameter="P1">
									<connectionPointIn>
										<connection refLocalId="6" />
									</connectionPointIn>
								</variable>
							</inputVariables>
							<inOutVariables>
							</inOutVariables>
							<outputVariables>
							</outputVariables>
						</block>
						<block localId="33" width="301" height="168" typeName="chaine_de_traitement.gemma" instanceName="gemma1">
							<position x="672" y="552" />
							<inputVariables>
								<variable formalParameter="Cond_Init">
									<connectionPointIn>
										<connection refLocalId="31" formalParameter="Cond_Init_Verifiees" />
									</connectionPointIn>
								</variable>
								<variable formalParameter="BPAU">
									<connectionPointIn>
										<connection refLocalId="10" />
									</connectionPointIn>
								</variable>
								<variable formalParameter="Afcy">
									<connectionPointIn>
										<connection refLocalId="11" />
									</connectionPointIn>
								</variable>
								<variable formalParameter="Dcy">
									<connectionPointIn>
										<connection refLocalId="12" />
									</connectionPointIn>
								</variable>
								<variable formalParameter="Cycle_Prod_Fini">
									<connectionPointIn>
										<connection refLocalId="24" formalParameter="Position_Initiale" />
									</connectionPointIn>
								</variable>
							</inputVariables>
							<inOutVariables>
							</inOutVariables>
							<outputVariables>
							</outputVariables>
						</block>
						<block localId="24" width="480" height="312" typeName="chaine_de_traitement.prod" instanceName="prod1">
							<position x="345" y="864" />
							<inputVariables>
								<variable formalParameter="Lancer_Tuer_Prod">
									<connectionPointIn>
										<connection refLocalId="33" formalParameter="Lancer_Tuer_Prod" />
									</connectionPointIn>
								</variable>
								<variable formalParameter="Afcy_Demande">
									<connectionPointIn>
										<connection refLocalId="33" formalParameter="Afcy_Demande" />
									</connectionPointIn>
								</variable>
								<variable formalParameter="Position">
									<connectionPointIn>
										<connection refLocalId="32" formalParameter="Position" />
									</connectionPointIn>
								</variable>
								<variable formalParameter="Demande_Charg">
									<connectionPointIn>
										<connection refLocalId="13" />
									</connectionPointIn>
								</variable>
								<variable formalParameter="Fin_Charg">
									<connectionPointIn>
										<connection refLocalId="14" />
									</connectionPointIn>
								</variable>
								<variable formalParameter="Demande_Decharg">
									<connectionPointIn>
										<connection refLocalId="15" />
									</connectionPointIn>
								</variable>
								<variable formalParameter="Barriere_Fermee">
									<connectionPointIn>
										<connection refLocalId="7" />
									</connectionPointIn>
								</variable>
								<variable formalParameter="Barriere_Ouverte">
									<connectionPointIn>
										<connection refLocalId="8" />
									</connectionPointIn>
								</variable>
								<variable formalParameter="NivBas">
									<connectionPointIn>
										<connection refLocalId="0" />
									</connectionPointIn>
								</variable>
								<variable formalParameter="Fin_Decharg">
									<connectionPointIn>
										<connection refLocalId="16" />
									</connectionPointIn>
								</variable>
								<variable formalParameter="Occupee">
									<connectionPointIn>
										<connection refLocalId="34" formalParameter="Occupee" />
									</connectionPointIn>
								</variable>
							</inputVariables>
							<inOutVariables>
							</inOutVariables>
							<outputVariables>
							</outputVariables>
						</block>
						<block localId="18" width="400" height="192" typeName="chaine_de_traitement.cmd_robot" instanceName="cmd_robot1">
							<position x="1137" y="648" />
							<inputVariables>
								<variable formalParameter="NivHaut">
									<connectionPointIn>
										<connection refLocalId="1" />
									</connectionPointIn>
								</variable>
								<variable formalParameter="Lancer_Tuer_Robot">
									<connectionPointIn>
										<connection refLocalId="33" formalParameter="Lancer_Tuer_Robot" />
									</connectionPointIn>
								</variable>
								<variable formalParameter="NivBas">
									<connectionPointIn>
										<connection refLocalId="0" />
									</connectionPointIn>
								</variable>
								<variable formalParameter="Position">
									<connectionPointIn>
										<connection refLocalId="32" formalParameter="Position" />
									</connectionPointIn>
								</variable>
								<variable formalParameter="Valeur_Pile">
									<connectionPointIn>
										<connection refLocalId="34" formalParameter="Valeur_Lue" />
									</connectionPointIn>
								</variable>
								<variable formalParameter="Etat_Pile">
									<connectionPointIn>
										<connection refLocalId="34" formalParameter="Vide" />
									</connectionPointIn>
								</variable>
							</inputVariables>
							<inOutVariables>
							</inOutVariables>
							<outputVariables>
							</outputVariables>
						</block>
						<block localId="34" width="408" height="120" typeName="chaine_de_traitement.gestion_priorites" instanceName="gestion_priorites1">
							<position x="945" y="1104" />
							<inputVariables>
								<variable formalParameter="Lire_Valeur">
									<connectionPointIn>
										<connection refLocalId="18" formalParameter="Demande_Valeur_Pile" />
									</connectionPointIn>
								</variable>
								<variable formalParameter="Valeur_A_Ecrire">
									<connectionPointIn>
										<connection refLocalId="24" formalParameter="Valeur_A_Ecrire_Dans_Pile" />
									</connectionPointIn>
								</variable>
								<variable formalParameter="Ecrire_Valeur">
									<connectionPointIn>
										<connection refLocalId="24" formalParameter="Ecrire_Dans_Pile" />
									</connectionPointIn>
								</variable>
							</inputVariables>
							<inOutVariables>
							</inOutVariables>
							<outputVariables>
							</outputVariables>
						</block>
					</FBD>
				</body>
			</pou>
		</pous>
	</types>
	<instances>
		<configurations />
	</instances>
</project>