<?xml version="1.0" encoding="ISO-8859-1"?>
<!-- Generator: ControlBuild -->

<project xmlns="http://www.plcopen.org/xml/tc6.xsd" xmlns:xhtml="http://www.w3.org/1999/xhtml" xmlns:xsi="http://www.w3.org/2001/XMLSchema-instance" xsi:schemaLocation="http://www.plcopen.org/xml/tc6.xsd TC6_XML_V099_TNI.xsd">
	<fileHeader companyName="TNI-Software" productName="ControlBuild" productVersion="4.00" creationDateTime="2006-10-31T18:44:04-01:00" />
	<contentHeader name="bain">
		<coordinateInfo>
			<fbd>
				<scaling x="100" y="100" />
			</fbd>
			<ld>
				<scaling x="100" y="100" />
			</ld>
			<sfc>
				<scaling x="32" y="8" />
			</sfc>
		</coordinateInfo>
	</contentHeader>
	<types>
		<dataTypes />
		<pous>
			<pou name="chaine_de_traitement.bain" pouType="functionBlock">
				<interface>
					<inputVars>
						<variable name="Presence_Piece">
							<type>
								<BOOL />
							</type>
							<initialValue>
								<simpleValue value="false" />
							</initialValue>
						</variable>
						<documentation>CB.kind=inputVars</documentation>
					</inputVars>
					<localVars>
						<variable name="Etat">
							<type>
								<BOOL />
							</type>
							<initialValue>
								<simpleValue value="false" />
							</initialValue>
						</variable>
						<variable name="Traitement">
							<type>
								<BOOL />
							</type>
							<initialValue>
								<simpleValue value="false" />
							</initialValue>
						</variable>
						<variable name="tmp1">
							<type>
								<DINT />
							</type>
							<initialValue>
								<simpleValue value="0" />
							</initialValue>
						</variable>
						<variable name="temps1">
							<type>
								<TIME />
							</type>
							<initialValue>
								<simpleValue value="T#0h0m0s0ms" />
							</initialValue>
						</variable>
						<documentation>CB.kind=localVars</documentation>
					</localVars>
				</interface>
				<actions>
				</actions>
				<body>
					<ST>Etat:=ton(Presence_Piece , T#500ms , temps1 , tmp1).q;

IF (Etat) THEN
	Traitement := True;
ELSE
	Traitement := False;
END_IF;
</ST>
				</body>
			</pou>
		</pous>
	</types>
	<instances>
		<configurations />
	</instances>
</project>