<?xml version = "1.0" encoding = "ISO-8859-1"?>

<!-- Generator: spex -->
<PROPERTIES_FILE xmlns:xsi = "http://www.w3.org/2001/XMLSchema-instance" xsi:noNamespaceSchemaLocation = "file:properties.xsd">
	<ENUM NAME = "enum_energy">
		<ITEM>Hydraulic</ITEM>
		<ITEM>Pneumatic</ITEM>
		<ITEM>Electric</ITEM>
	</ENUM>
	<ENUM NAME = "enum_supply">
		<ITEM>Control</ITEM>
		<ITEM>Sensor</ITEM>
		<ITEM>Auxiliary</ITEM>
	</ENUM>
	<ENUM NAME = "enum_IO">
		<ITEM>Input</ITEM>
		<ITEM>Output</ITEM>
	</ENUM>
	<ENUM NAME = "enum_typeBool">
		<ITEM>Control</ITEM>
		<ITEM>Feedback</ITEM>
		<ITEM>Calculation</ITEM>
		<ITEM>Temporary</ITEM>
		<ITEM>Blocking fault</ITEM>
		<ITEM>Non blocking fault</ITEM>
		<ITEM>Signalisation</ITEM>
	</ENUM>
	<ENUM NAME = "enum_typeAna">
		<ITEM>Setpoint</ITEM>
		<ITEM>Measure</ITEM>
		<ITEM>Constant</ITEM>
		<ITEM>Calculation</ITEM>
		<ITEM>Temporary</ITEM>
	</ENUM>
	<PROPERTIES_SET>
		<PROPERTY NAME = "note" TYPE = "string">
			<LANGUAGES>
				<LANGUAGE NAME = "EN">Note to user :</LANGUAGE>
				<LANGUAGE NAME = "FR">Note � l utilisateur :</LANGUAGE>
			</LANGUAGES>
			<APPLIED_TO CLASS = "CharInstanciatedVariable"/>
			<APPLIED_TO CLASS = "BooleanInstanciatedVariable"/>
			<APPLIED_TO CLASS = "IntegerInstanciatedVariable"/>
			<APPLIED_TO CLASS = "FloatInstanciatedVariable"/>
		</PROPERTY>
	</PROPERTIES_SET>
	<PROPERTIES_SET>
		<LANGUAGES>
			<LANGUAGE NAME = "EN">Attributes</LANGUAGE>
			<LANGUAGE NAME = "FR">Attributs</LANGUAGE>
		</LANGUAGES>
		<PROPERTY NAME = "energy" TYPE = "enum_energy">
			<LANGUAGES>
				<LANGUAGE NAME = "EN">Energy :</LANGUAGE>
				<LANGUAGE NAME = "FR">Energie :</LANGUAGE>
			</LANGUAGES>
			<APPLIED_TO CLASS = "BooleanInstanciatedVariable"/>
		</PROPERTY>
		<PROPERTY NAME = "supply" TYPE = "enum_supply">
			<LANGUAGES>
				<LANGUAGE NAME = "EN">Supply :</LANGUAGE>
				<LANGUAGE NAME = "FR">Tension :</LANGUAGE>
			</LANGUAGES>
			<APPLIED_TO CLASS = "BooleanInstanciatedVariable"/>
		</PROPERTY>
		<PROPERTY NAME = "physicalIO" TYPE = "enum_IO">
			<LANGUAGES>
				<LANGUAGE NAME = "EN">Physical I/O :</LANGUAGE>
				<LANGUAGE NAME = "FR">E/S physique :</LANGUAGE>
			</LANGUAGES>
			<APPLIED_TO CLASS = "BooleanInstanciatedVariable"/>
		</PROPERTY>
		<PROPERTY NAME = "typeAna" TYPE = "enum_typeAna">
			<LANGUAGES>
				<LANGUAGE NAME = "EN">Type :</LANGUAGE>
				<LANGUAGE NAME = "FR">Type :</LANGUAGE>
			</LANGUAGES>
			<APPLIED_TO CLASS = "CharInstanciatedVariable"/>
			<APPLIED_TO CLASS = "IntegerInstanciatedVariable"/>
			<APPLIED_TO CLASS = "FloatInstanciatedVariable"/>
		</PROPERTY>
		<PROPERTY NAME = "typeBool" TYPE = "enum_typeBool">
			<LANGUAGES>
				<LANGUAGE NAME = "EN">Type :</LANGUAGE>
				<LANGUAGE NAME = "FR">Type :</LANGUAGE>
			</LANGUAGES>
			<APPLIED_TO CLASS = "BooleanInstanciatedVariable"/>
		</PROPERTY>
		<PROPERTY NAME = "unity" TYPE = "string" DEFAULT = "">
			<LANGUAGES>
				<LANGUAGE NAME = "EN">Unity :</LANGUAGE>
				<LANGUAGE NAME = "FR">Unit� :</LANGUAGE>
			</LANGUAGES>
			<APPLIED_TO CLASS = "IntegerInstanciatedVariable"/>
			<APPLIED_TO CLASS = "FloatInstanciatedVariable"/>
		</PROPERTY>
	</PROPERTIES_SET>
</PROPERTIES_FILE>